Numero de vaca;Address;Fecha/hora de visita;tiempo en cubiculo;Produccion de leche;tiempo;Descripcion;CIB;
59;101;18/02/2022 0:05:00;5:43;15.4;5:43;Correcto;59;
236;101;18/02/2022 0:11:00;5:57;13.0;5:57;Correcto;236;
31;101;18/02/2022 0:16:00;5:18;15.1;5:18;Correcto;31;
231;101;18/02/2022 0:26:00;9:21;18.7;9:21;Correcto;231;
532;101;18/02/2022 0:37:00;10:44;14.8;10:44;Correcto;532;
240;101;18/02/2022 0:43:00;5:31;17.8;5:31;Correcto;240;
259;101;18/02/2022 0:52:00;8:42;11.8;8:42;Correcto;259;
208;101;18/02/2022 0:58:00;6:09;0.7;6:09;Tiempo de conexi�n;208;
13;101;18/02/2022 1:04:00;6:06;7.1;6:06;Correcto;13;
197;101;18/02/2022 1:12:00;7:40;15.7;7:40;Correcto;197;
138;101;18/02/2022 1:17:00;4:53;18.2;4:53;Correcto;138;
47;101;18/02/2022 1:23:00;5:38;16.7;5:38;Correcto;47;
132;101;18/02/2022 1:31:00;7:12;16.7;7:12;Correcto;132;
141;101;18/02/2022 1:38:00;6:44;12.9;6:44;Correcto;141;
90;101;18/02/2022 1:47:00;8:34;24.8;8:34;Correcto;90;
228;101;18/02/2022 1:54:00;6:45;8.9;6:45;Correcto;228;
245;101;18/02/2022 2:00:00;6:30;11.1;6:30;Correcto;245;
134;101;18/02/2022 2:04:00;3:42;10;3:42;Correcto;134;
473;101;18/02/2022 2:12:00;7:05;15.8;7:05;Correcto;473;
185;101;18/02/2022 2:17:00;4:59;11.3;4:59;Correcto;185;
150;101;18/02/2022 2:23:00;6:38;11.3;6:38;Correcto;150;
146;101;18/02/2022 2:31:00;7:24;16.9;7:24;Correcto;146;
212;101;18/02/2022 2:37:00;6:25;12.2;6:25;Correcto;212;
233;101;18/02/2022 2:44:00;5:29;11.6;5:29;Correcto;233;
226;101;18/02/2022 2:49:00;4:47;10.1;4:47;Correcto;226;
227;101;18/02/2022 2:54:00;5:06;18.8;5:06;Correcto;227;
246;101;18/02/2022 3:00:00;6:21;13;6:21;Correcto;246;
195;101;18/02/2022 3:09:00;8:44;16.1;8:44;Correcto;195;
412;101;18/02/2022 3:17:00;7:17;14.6;7:17;Correcto;412;
117;101;18/02/2022 3:25:00;8:08;16.5;8:08;Correcto;117;
84;101;18/02/2022 3:33:00;7:31;13.2;7:31;Correcto;84;
81;101;18/02/2022 3:41:00;7:42;11.6;7:42;Correcto;81;
220;101;18/02/2022 3:46:00;5:13;10.5;5:13;Correcto;220;
224;101;18/02/2022 3:52:00;5:36;9.2;5:36;Correcto;224;
160;101;18/02/2022 3:57:00;4:52;8.8;4:52;Correcto;160;
21;101;18/02/2022 4:02:00;5:36;10.8;5:36;Correcto;21;
175;101;18/02/2022 4:10:00;7:27;16.5;7:27;Correcto;175;
153;101;18/02/2022 4:17:00;7:02;18;7:02;Correcto;153;
130;101;18/02/2022 4:24:00;6:18;10.8;6:18;Correcto;130;
168;101;18/02/2022 4:30:00;6:13;15.8;6:13;Correcto;168;
170;101;18/02/2022 4:38:00;7:26;11.6;7:26;Correcto;170;
77;101;18/02/2022 4:49:00;11:15;17.7;11:15;Correcto;77;
72;101;18/02/2022 4:54:00;5:17;11.8;5:17;Correcto;72;
291;101;18/02/2022 5:00:00;5:25;11.1;5:25;Correcto;291;
221;101;18/02/2022 5:06:00;5:44;11.9;5:44;Correcto;221;
53;101;18/02/2022 5:11:00;4:40;12.3;4:40;Correcto;53;
236;101;18/02/2022 5:16:00;4:54;10.4;4:54;Correcto;236;
13;101;18/02/2022 5:22:00;5:58;7;5:58;Correcto;13;
163;101;18/02/2022 5:32:00;9:40;16.3;9:40;Correcto;163;
259;101;18/02/2022 5:41:00;8:32;9.6;8:32;Correcto;259;
516;101;18/02/2022 5:45:00;3:59;8.5;3:59;Correcto;516;
280;101;18/02/2022 5:53:00;8:21;11.2;8:21;Correcto;280;
31;101;18/02/2022 5:58:00;4:31;9.3;4:31;Correcto;31;
394;101;18/02/2022 6:26:00;9:43;13.7;9:43;Correcto;394;
231;101;18/02/2022 6:33:00;6:51;12.6;6:51;Correcto;231;
47;101;18/02/2022 6:39:00;6:39;11.8;6:39;Correcto;47;
198;101;18/02/2022 6:44:00;4:39;12;4:39;Correcto;198;
473;101;18/02/2022 6:52:00;6:16;6.7;6:16;Correcto;473;
76;101;18/02/2022 6:59:00;5:56;13;5:56;Correcto;76;
171;101;18/02/2022 7:20:00;10:23;20.9;10:23;Correcto;171;
245;101;18/02/2022 7:30:00;6:21;12;6:21;Correcto;245;
149;101;18/02/2022 7:36:00;6:38;10.9;6:38;Correcto;149;
134;101;18/02/2022 7:42:00;3:40;9.1;3:40;Correcto;134;
196;101;18/02/2022 7:52:00;4:48;12.4;4:48;Correcto;196;
167;101;18/02/2022 7:59:00;7:05;16.9;7:05;Correcto;167;
404;101;18/02/2022 8:04:00;5:11;13.9;5:11;Correcto;404;
138;101;18/02/2022 8:09:00;4:35;14.9;4:35;Correcto;138;
32;101;18/02/2022 8:17:00;5:06;11.5;5:06;Correcto;32;
227;101;18/02/2022 8:22:00;4:30;10.8;4:30;Correcto;227;
532;101;18/02/2022 8:34:00;9:38;12;9:38;Correcto;532;
208;101;18/02/2022 8:54:00;9:18;20.4;9:18;Correcto;208;
218;101;18/02/2022 8:59:00;4:59;15.9;4:59;Correcto;218;
49;101;18/02/2022 9:08:00;8:50;20.7;8:50;Correcto;49;
302;101;18/02/2022 9:13:00;4:56;12.9;4:56;Correcto;302;
81;101;18/02/2022 9:21:00;7:13;11;7:13;Correcto;81;
228;101;18/02/2022 9:27:00;6:00;9.6;6:00;Correcto;228;
240;101;18/02/2022 9:32:00;5:15;17.7;5:15;Correcto;240;
132;101;18/02/2022 9:39:00;6:33;14.2;6:33;Correcto;132;
226;101;18/02/2022 9:44:00;5:15;11.9;5:15;Correcto;226;
224;101;18/02/2022 9:50:00;5:17;10.2;5:17;Correcto;224;
141;101;18/02/2022 9:56:00;6:35;12.9;6:35;Correcto;141;
130;101;18/02/2022 10:04:00;7:34;12.4;7:34;Correcto;130;
220;101;18/02/2022 10:09:00;4:43;11.6;4:43;Correcto;220;
197;101;18/02/2022 10:15:00;6:22;17.4;6:22;Correcto;197;
247;101;18/02/2022 10:25:00;9:21;16.1;9:21;Correcto;247;
236;101;18/02/2022 10:30:00;5:32;10.4;5:32;Correcto;236;
246;101;18/02/2022 10:36:00;5:50;13.6;5:50;Correcto;246;
233;101;18/02/2022 10:43:00;6:43;14.9;6:43;Correcto;233;
212;101;18/02/2022 10:50:00;6:30;12.8;6:30;Correcto;212;
90;101;18/02/2022 10:56:00;6:22;18.6;6:22;Correcto;90;
53;101;18/02/2022 11:01:00;4:50;12.4;4:50;Correcto;53;
72;101;18/02/2022 11:06:00;4:29;12.8;4:29;Correcto;72;
59;101;18/02/2022 11:12:00;5:17;18.4;5:17;Correcto;59;
175;101;18/02/2022 11:19:00;7:43;15.6;7:43;Correcto;175;
150;101;18/02/2022 11:25:00;5:22;13.3;5:22;Correcto;150;
245;101;18/02/2022 11:31:00;5:40;8.6;5:40;Correcto;245;
259;101;18/02/2022 11:38:00;7:37;12.4;7:37;Correcto;259;
170;101;18/02/2022 11:48:00;9:44;14.9;9:44;Correcto;170;
58;101;18/02/2022 11:56:00;7:24;22.4;7:24;Correcto;58;
516;101;18/02/2022 12:03:00;6:54;11.1;6:54;Correcto;516;
412;101;18/02/2022 12:10:00;7:39;16.3;7:39;Correcto;412;
221;101;18/02/2022 12:16:00;5:21;12.2;5:21;Correcto;221;
249;101;18/02/2022 12:23:00;6:33;18.2;6:33;Correcto;249;
153;101;18/02/2022 12:30:00;7:14;19.5;7:14;Correcto;153;
473;101;18/02/2022 12:36:00;6:07;13.9;6:07;Correcto;473;
84;101;18/02/2022 12:45:00;8:12;17.1;8:12;Correcto;84;
146;101;18/02/2022 12:52:00;7:29;15.3;7:29;Correcto;146;
13;101;18/02/2022 13:01:00;7:45;12.7;7:45;Correcto;13;
195;101;18/02/2022 13:12:00;10:55;16.4;10:55;Correcto;195;
31;101;18/02/2022 13:17:00;4:52;13.3;4:52;Correcto;31;
168;101;18/02/2022 13:24:00;6:19;13.8;6:19;Correcto;168;
134;101;18/02/2022 13:28:00;4:10;8.7;4:10;Correcto;134;
81;101;18/02/2022 13:35:00;6:43;7.8;6:43;Correcto;81;
280;101;18/02/2022 13:43:00;7:24;11;7:24;Correcto;280;
291;101;18/02/2022 13:50:00;6:22;13.5;6:22;Correcto;291;
167;101;18/02/2022 13:55:00;5:02;6;5:02;Tiempo muerto de orde�o TI;167;
138;101;18/02/2022 14:01:00;4:13;11.2;4:13;Correcto;138;
117;101;18/02/2022 14:10:00;8:43;16.7;8:43;Correcto;117;
47;101;18/02/2022 14:16:00;5:28;16.3;5:28;Correcto;47;
149;101;18/02/2022 14:23:00;6:34;9.3;6:34;Correcto;149;
227;101;18/02/2022 14:27:00;4:41;11.7;4:41;Correcto;227;
394;101;18/02/2022 14:35:00;7:15;12.7;7:15;Correcto;394;
231;101;18/02/2022 14:44:00;8:16;16.8;8:16;Correcto;231;
171;101;18/02/2022 14:55:00;9:58;18.3;9:58;Correcto;171;
21;101;18/02/2022 15:04:00;8:14;12.3;8:14;Correcto;21;
404;101;18/02/2022 15:09:00;5:02;10.8;5:02;Correcto;404;
130;101;18/02/2022 15:15:00;6:17;11.1;6:17;Correcto;130;
220;101;18/02/2022 15:20:00;4:59;10;4:59;Correcto;220;
76;101;18/02/2022 15:26:00;5:38;12.2;5:38;Correcto;76;
224;101;18/02/2022 15:33:00;6:07;9.2;6:07;Correcto;224;
240;101;18/02/2022 15:38:00;4:54;13.1;4:54;Correcto;240;
196;101;18/02/2022 15:43:00;5:11;11.3;5:11;Correcto;196;
245;101;18/02/2022 15:49:00;5:50;9.4;5:50;Correcto;245;
226;101;18/02/2022 15:54:00;5:03;10.3;5:03;Correcto;226;
532;101;18/02/2022 16:05:00;10:47;10.8;10:47;Correcto;532;
185;101;18/02/2022 16:13:00;6:35;15.5;6:35;Correcto;185;
77;101;18/02/2022 16:24:00;10:22;18.6;10:22;Correcto;77;
72;101;18/02/2022 16:28:00;4:22;11.9;4:22;Correcto;72;
208;101;18/02/2022 16:39:00;10:00;12;10:00;Correcto;208;
132;101;18/02/2022 16:45:00;6:03;13.1;6:03;Correcto;132;
228;101;18/02/2022 16:51:00;5:46;8.7;5:46;Correcto;228;
170;101;18/02/2022 16:59:00;8:01;10.1;8:01;Correcto;170;
167;101;18/02/2022 17:03:00;3:01;0.1;3:01;Intentos de conexi�n TD;167;
13;101;18/02/2022 17:09:00;5:27;6.2;5:27;Correcto;13;
233;101;18/02/2022 17:16:00;6:40;12;6:40;Correcto;233;
53;101;18/02/2022 17:21:00;4:55;12.6;4:55;Correcto;53;
212;101;18/02/2022 17:26:00;5:17;10.5;5:17;Correcto;212;
236;101;18/02/2022 17:32:00;5:47;14.9;5:47;Correcto;236;
412;101;18/02/2022 17:38:00;5:23;9.4;5:23;Correcto;412;
259;101;18/02/2022 17:47:00;8:57;11.9;8:57;Correcto;259;
81;101;18/02/2022 17:56:00;8:14;8.4;8:14;Correcto;81;
141;101;18/02/2022 18:03:00;7:09;14;7:09;Correcto;141;
49;101;18/02/2022 18:38:00;6:40;15;6:40;Correcto;49;
47;101;18/02/2022 18:44:00;5:15;10.4;5:15;Correcto;47;
473;101;18/02/2022 18:50:00;5:49;12.1;5:49;Correcto;473;
58;101;18/02/2022 18:55:00;5:01;11;5:01;Correcto;58;
516;101;18/02/2022 18:59:00;4:18;11.1;4:18;Correcto;516;
246;101;18/02/2022 19:05:00;6:01;14.1;6:01;Correcto;246;
150;101;18/02/2022 19:11:00;5:03;13;5:03;Correcto;150;
153;101;18/02/2022 19:30:00;5:50;15.3;5:50;Correcto;153;
245;101;18/02/2022 19:35:00;5:21;7.4;5:21;Correcto;245;
84;101;18/02/2022 19:42:00;6:51;13.5;6:51;Correcto;84;
197;101;18/02/2022 19:49:00;6:09;18;6:09;Correcto;197;
130;101;18/02/2022 19:55:00;5:58;9.8;5:58;Correcto;130;
175;101;18/02/2022 20:03:00;7:44;18;7:44;Correcto;175;
138;101;18/02/2022 20:09:00;5:44;12.7;5:44;Correcto;138;
167;101;18/02/2022 20:17:00;8:14;19.4;8:14;Correcto;167;
198;101;18/02/2022 20:28:00;6:15;17.8;6:15;Correcto;198;
227;101;18/02/2022 20:34:00;5:48;12;5:48;Correcto;227;
206;101;18/02/2022 20:43:00;8:25;26.1;8:25;Correcto;206;
160;101;18/02/2022 20:50:00;7:01;14.7;7:01;Correcto;160;
218;101;18/02/2022 20:58:00;8:11;14.8;8:11;Correcto;218;
59;101;18/02/2022 21:05:00;6:31;17.3;6:31;Correcto;59;
302;101;18/02/2022 21:10:00;5:02;13.1;5:02;Correcto;302;
220;101;18/02/2022 21:14:00;4:37;9.8;4:37;Correcto;220;
224;101;18/02/2022 21:20:00;5:50;9.7;5:50;Correcto;224;
247;101;18/02/2022 21:30:00;9:13;16.6;9:13;Correcto;247;
134;101;18/02/2022 21:34:00;4:19;11.6;4:19;Correcto;134;
13;101;18/02/2022 21:41:00;5:35;7.2;5:35;Correcto;13;
163;101;18/02/2022 21:53:00;12:22;24.9;12:22;Correcto;163;
240;101;18/02/2022 21:58:00;4:59;12.3;4:59;Correcto;240;
90;101;18/02/2022 22:06:00;8:02;23.1;8:02;Correcto;90;
404;101;18/02/2022 22:19:00;4:59;11;4:59;Correcto;404;
72;101;18/02/2022 22:23:00;4:16;12.4;4:16;Correcto;72;
221;101;18/02/2022 22:30:00;6:16;14.5;6:16;Correcto;221;
280;101;18/02/2022 22:39:00;8:20;12.7;8:20;Correcto;280;
32;101;18/02/2022 22:44:00;4:47;15.1;4:47;Correcto;32;
149;101;18/02/2022 23:12:00;7:25;11.9;7:25;Correcto;149;
76;101;18/02/2022 23:18:00;5:09;11.2;5:09;Correcto;76;
81;101;18/02/2022 23:26:00;7:49;10.8;7:49;Correcto;81;
146;101;18/02/2022 23:33:00;7:09;15.1;7:09;Correcto;146;
170;101;18/02/2022 23:43:00;8:18;13.3;8:18;Correcto;170;
226;101;18/02/2022 23:48:00;5:37;13.4;5:37;Correcto;226;
245;101;18/02/2022 23:54:00;5:14;7.9;5:14;Correcto;245;
259;101;19/02/2022 0:04:00;9:38;11.5;9:38;Correcto;259;
412;101;19/02/2022 0:10:00;6:12;10.7;6:12;Correcto;412;
195;101;19/02/2022 0:21:00;11:29;17.7;11:29;Correcto;195;
53;101;19/02/2022 0:27:00;5:46;14.2;5:46;Correcto;53;
130;101;19/02/2022 0:33:00;6:05;8.9;6:05;Correcto;130;
228;101;19/02/2022 0:39:00;5:29;9;5:29;Correcto;228;
171;101;19/02/2022 0:52:00;12:36;21.1;12:36;Correcto;171;
231;101;19/02/2022 1:02:00;9:45;19.9;9:45;Correcto;231;
196;101;19/02/2022 1:09:00;6:53;13.1;6:53;Correcto;196;
138;101;19/02/2022 1:14:00;4:54;9.6;4:54;Correcto;138;
236;101;19/02/2022 1:19:00;5:28;14.9;5:28;Correcto;236;
473;101;19/02/2022 1:26:00;6:07;12.6;6:07;Correcto;473;
168;101;19/02/2022 1:32:00;6:32;15.9;6:32;Correcto;168;
208;101;19/02/2022 1:41:00;8:04;14.2;8:04;Correcto;208;
516;101;19/02/2022 1:45:00;4:18;10.4;4:18;Correcto;516;
212;101;19/02/2022 1:51:00;6:16;13.6;6:16;Correcto;212;
31;101;19/02/2022 1:58:00;6:44;19.9;6:44;Correcto;31;
249;101;19/02/2022 2:05:00;6:58;19.2;6:58;Correcto;249;
291;101;19/02/2022 2:13:00;8:07;17.2;8:07;Correcto;291;
167;101;19/02/2022 2:20:00;6:56;11.7;6:56;Correcto;167;
240;101;19/02/2022 2:27:00;5:38;10.1;5:38;Correcto;240;
532;101;19/02/2022 2:41:00;14:36;17.1;14:36;Correcto;532;
47;101;19/02/2022 2:47:00;6:00;17.4;6:00;Correcto;47;
13;101;19/02/2022 2:54:00;6:41;8.3;6:41;Correcto;13;
224;101;19/02/2022 3:00:00;5:22;9.2;5:22;Correcto;224;
153;101;19/02/2022 3:05:00;5:49;15.9;5:49;Correcto;153;
150;101;19/02/2022 3:11:00;5:04;12.6;5:04;Correcto;150;
132;101;19/02/2022 3:19:00;8:05;17.9;8:05;Correcto;132;
84;101;19/02/2022 3:26:00;6:57;13.6;6:57;Correcto;84;
141;101;19/02/2022 3:32:00;6:32;16.4;6:32;Correcto;141;
220;101;19/02/2022 3:38:00;5:00;11.3;5:00;Correcto;220;
185;101;19/02/2022 3:42:00;3:52;6;3:52;Tiempo muerto de orde�o TD;185;
72;101;19/02/2022 3:48:00;6:05;11.6;6:05;Correcto;72;
245;101;19/02/2022 3:54:00;6:14;8.8;6:14;Correcto;245;
117;101;19/02/2022 4:04:00;9:13;19.2;9:13;Correcto;117;
394;101;19/02/2022 4:16:00;12:29;21.4;12:29;Correcto;394;
134;101;19/02/2022 4:21:00;4:57;10.8;4:57;Correcto;134;
227;101;19/02/2022 4:27:00;4:56;14.7;4:56;Correcto;227;
81;101;19/02/2022 4:34:00;7:17;10.2;7:17;Correcto;81;
233;101;19/02/2022 4:43:00;9:00;20;9:00;Correcto;233;
197;101;19/02/2022 4:50:00;6:55;16.2;6:55;Correcto;197;
59;101;19/02/2022 4:55:00;5:06;13.7;5:06;Correcto;59;
58;101;19/02/2022 5:01:00;5:47;16.8;5:47;Correcto;58;
21;101;19/02/2022 5:08:00;6:52;15.5;6:52;Correcto;21;
198;101;19/02/2022 5:13:00;4:30;11;4:30;Correcto;198;
170;101;19/02/2022 5:23:00;9:09;11.2;9:09;Correcto;170;
221;101;19/02/2022 5:28:00;5:41;10.7;5:41;Correcto;221;
77;101;19/02/2022 5:40:00;11:14;18.9;11:14;Correcto;77;
259;101;19/02/2022 5:48:00;7:38;11.8;7:38;Correcto;259;
175;101;19/02/2022 5:58:00;9:08;19.7;9:08;Correcto;175;
149;101;19/02/2022 6:26:00;6:50;9.8;6:50;Correcto;149;
231;101;19/02/2022 6:37:00;6:07;11.5;6:07;Correcto;231;
13;101;19/02/2022 6:44:00;5:42;6;5:42;Correcto;13;
130;101;19/02/2022 6:57:00;7:06;13.1;7:06;Correcto;130;
473;101;19/02/2022 7:04:00;6:50;12;6:50;Correcto;473;
246;101;19/02/2022 7:11:00;6:45;18.1;6:45;Correcto;246;
53;101;19/02/2022 7:17:00;5:51;13.6;5:51;Correcto;53;
516;101;19/02/2022 7:21:00;4:08;9.8;4:08;Correcto;516;
31;101;19/02/2022 7:26:00;4:22;9.5;4:22;Correcto;31;
404;101;19/02/2022 7:31:00;4:57;13.6;4:57;Correcto;404;
280;101;19/02/2022 7:40:00;7:48;12.5;7:48;Correcto;280;
76;101;19/02/2022 7:46:00;5:18;10.6;5:18;Correcto;76;
226;101;19/02/2022 7:52:00;5:59;13.1;5:59;Correcto;226;
228;101;19/02/2022 7:57:00;5:12;8.7;5:12;Correcto;228;
138;101;19/02/2022 8:02:00;4:02;13;4:02;Correcto;138;
47;101;19/02/2022 8:07:00;5:20;12;5:20;Correcto;47;
208;101;19/02/2022 8:14:00;6:13;11.1;6:13;Correcto;208;
167;101;19/02/2022 8:21:00;7:14;13.1;7:14;Correcto;167;
224;101;19/02/2022 8:27:00;5:51;9.3;5:51;Correcto;224;
412;101;19/02/2022 8:34:00;6:47;14.2;6:47;Correcto;412;
240;101;19/02/2022 8:39:00;5:15;12.9;5:15;Correcto;240;
196;101;19/02/2022 8:48:00;8:22;11.3;8:22;Correcto;196;
81;101;19/02/2022 8:54:00;6:15;8.4;6:15;Correcto;81;
153;101;19/02/2022 9:05:00;6:06;14.3;6:06;Correcto;153;
236;101;19/02/2022 9:11:00;5:29;15.8;5:29;Correcto;236;
245;101;19/02/2022 9:17:00;6:01;9.9;6:01;Correcto;245;
220;101;19/02/2022 9:21:00;4:24;10.5;4:24;Correcto;220;
212;101;19/02/2022 9:28:00;6:11;12.2;6:11;Correcto;212;
132;101;19/02/2022 9:34:00;6:00;11.5;6:00;Correcto;132;
49;101;19/02/2022 9:44:00;9:33;23.2;9:33;Correcto;49;
72;101;19/02/2022 9:49:00;5:11;12.6;5:11;Correcto;72;
291;101;19/02/2022 10:09:00;5:41;11.1;5:41;Correcto;291;
532;101;19/02/2022 10:20:00;10:55;12.5;10:55;Correcto;532;
90;101;19/02/2022 10:28:00;8:00;23.7;8:00;Correcto;90;
227;101;19/02/2022 10:34:00;5:39;10.9;5:39;Correcto;227;
146;101;19/02/2022 10:41:00;7:31;16.2;7:31;Correcto;146;
163;101;19/02/2022 10:52:00;10:05;18.1;10:05;Correcto;163;
302;101;19/02/2022 10:57:00;5:30;15;5:30;Correcto;302;
171;101;19/02/2022 11:09:00;12:15;22.4;12:15;Correcto;171;
84;101;19/02/2022 11:18:00;8:53;15.4;8:53;Correcto;84;
392;101;19/02/2022 11:28:00;9:02;6.3;9:02;Correcto;392;
160;101;19/02/2022 11:37:00;5:38;12.5;5:38;Correcto;160;
218;101;19/02/2022 11:51:00;6:36;15.9;6:36;Correcto;218;
249;101;19/02/2022 11:56:00;5:11;15.2;5:11;Correcto;249;
206;101;19/02/2022 12:03:00;6:12;19;6:12;Correcto;206;
185;101;19/02/2022 12:09:00;5:36;12.2;5:36;Correcto;185;
32;101;19/02/2022 12:14:00;5:15;13.9;5:15;Correcto;32;
394;101;19/02/2022 12:24:00;10:07;15;10:07;Correcto;394;
247;101;19/02/2022 12:36:00;11:06;22.2;11:06;Correcto;247;
246;101;19/02/2022 12:42:00;6:43;8.8;6:43;Correcto;246;
168;101;19/02/2022 12:49:00;6:54;15.7;6:54;Correcto;168;
195;101;19/02/2022 13:00:00;10:13;19.4;10:13;Correcto;195;
170;101;19/02/2022 13:10:00;10:07;14.5;10:07;Correcto;170;
245;101;19/02/2022 13:17:00;6:32;9.3;6:32;Correcto;245;
81;101;19/02/2022 13:24:00;7:03;8.7;7:03;Correcto;81;
473;101;19/02/2022 13:31:00;7:24;13.1;7:24;Correcto;473;
404;101;19/02/2022 13:36:00;5:10;8.9;5:10;Correcto;404;
149;101;19/02/2022 13:44:00;7:25;10.3;7:25;Correcto;149;
130;101;19/02/2022 13:52:00;7:31;14.1;7:31;Correcto;130;
13;101;19/02/2022 13:59:00;7:15;11.3;7:15;Correcto;13;
516;101;19/02/2022 14:04:00;5:07;12.3;5:07;Correcto;516;
259;101;19/02/2022 14:14:00;9:27;15.2;9:27;Correcto;259;
224;101;19/02/2022 14:20:00;5:55;10.1;5:55;Correcto;224;
53;101;19/02/2022 14:25:00;5:15;14.1;5:15;Correcto;53;
208;101;19/02/2022 14:32:00;6:14;2.1;6:14;Tiempo de conexi�n;208;
134;101;19/02/2022 14:37:00;4:45;15.6;4:45;Correcto;134;
220;101;19/02/2022 14:42:00;4:25;10.1;4:25;Correcto;220;
226;101;19/02/2022 14:47:00;4:59;11.3;4:59;Correcto;226;
72;101;19/02/2022 14:51:00;3:57;10.4;3:57;Correcto;72;
233;101;19/02/2022 15:01:00;10:01;17.9;10:01;Correcto;233;
138;101;19/02/2022 15:09:00;7:39;13;7:39;Correcto;138;
167;101;19/02/2022 15:16:00;7:33;14.9;7:33;Correcto;167;
150;101;19/02/2022 15:23:00;6:07;18.6;6:07;Correcto;150;
228;101;19/02/2022 15:29:00;6:21;8.4;6:21;Correcto;228;
141;101;19/02/2022 15:37:00;7:27;18.4;7:27;Correcto;141;
31;101;19/02/2022 15:42:00;5:24;13.9;5:24;Correcto;31;
117;101;19/02/2022 15:51:00;8:05;17;8:05;Correcto;117;
412;101;19/02/2022 15:57:00;6:25;11.7;6:25;Correcto;412;
231;101;19/02/2022 16:05:00;8:15;17.4;8:15;Correcto;231;
240;101;19/02/2022 16:11:00;5:32;14.5;5:32;Correcto;240;
58;101;19/02/2022 16:17:00;6:17;18;6:17;Correcto;58;
76;101;19/02/2022 16:25:00;7:18;11.8;7:18;Correcto;76;
236;101;19/02/2022 16:31:00;5:21;14.6;5:21;Correcto;236;
198;101;19/02/2022 16:37:00;5:54;14.5;5:54;Correcto;198;
221;101;19/02/2022 16:44:00;6:57;16.3;6:57;Correcto;221;
175;101;19/02/2022 16:54:00;9:55;21.9;9:55;Correcto;175;
197;101;19/02/2022 17:03:00;8:41;20.7;8:41;Correcto;197;
153;101;19/02/2022 17:09:00;6:38;16.9;6:38;Correcto;153;
212;101;19/02/2022 17:16:00;6:35;12;6:35;Correcto;212;
21;101;19/02/2022 17:23:00;6:22;13.1;6:22;Correcto;21;
59;101;19/02/2022 17:30:00;5:51;21;5:51;Correcto;59;
81;101;19/02/2022 17:37:00;6:42;8.3;6:42;Correcto;81;
245;101;19/02/2022 17:43:00;6:01;10.2;6:01;Correcto;245;
132;101;19/02/2022 17:50:00;6:59;14.4;6:59;Correcto;132;
227;101;19/02/2022 17:55:00;4:55;13.6;4:55;Correcto;227;
280;101;19/02/2022 18:04:00;8:54;14.5;8:54;Correcto;280;
291;101;19/02/2022 18:34:00;6:24;11.6;6:24;Correcto;291;
532;101;19/02/2022 18:47:00;13:01;13.4;13:01;Correcto;532;
49;101;19/02/2022 18:54:00;6:47;14.3;6:47;Correcto;49;
130;101;19/02/2022 19:00:00;5:40;10.3;5:40;Correcto;130;
47;101;19/02/2022 19:07:00;7:25;22.3;7:25;Correcto;47;
84;101;19/02/2022 19:21:00;8:36;15.1;8:36;Correcto;84;
473;101;19/02/2022 19:28:00;5:50;10.3;5:50;Correcto;473;
13;101;19/02/2022 19:35:00;7:29;8.6;7:29;Correcto;13;
246;101;19/02/2022 19:54:00;5:41;11.1;5:41;Correcto;246;
224;101;19/02/2022 20:00:00;5:34;9.2;5:34;Correcto;224;
77;101;19/02/2022 20:12:00;12:29;21;12:29;Correcto;77;
392;101;19/02/2022 20:22:00;9:11;7.3;9:11;Correcto;392;
218;101;19/02/2022 20:32:00;6:27;9.3;6:27;Correcto;218;
220;101;19/02/2022 20:37:00;4:49;10.1;4:49;Correcto;220;
208;101;19/02/2022 20:47:00;9:31;17.8;9:31;Correcto;208;
167;101;19/02/2022 20:55:00;8:35;11.1;8:35;Correcto;167;
516;101;19/02/2022 21:00:00;4:27;11.2;4:27;Correcto;516;
72;101;19/02/2022 21:05:00;5:03;13.2;5:03;Correcto;72;
90;101;19/02/2022 21:12:00;6:52;20.7;6:52;Correcto;90;
171;101;19/02/2022 21:24:00;12:29;22.1;12:29;Correcto;171;
259;101;19/02/2022 21:34:00;9:15;13.1;9:15;Correcto;259;
249;101;19/02/2022 21:39:00;5:31;14.4;5:31;Correcto;249;
302;101;19/02/2022 21:45:00;4:50;12;4:50;Correcto;302;
394;101;19/02/2022 21:56:00;8:49;14.9;8:49;Correcto;394;
236;101;19/02/2022 22:05:00;5:26;11;5:26;Correcto;236;
226;101;19/02/2022 22:11:00;5:31;11.7;5:31;Correcto;226;
170;101;19/02/2022 22:22:00;10:39;18.2;10:39;Correcto;170;
412;101;19/02/2022 22:29:00;6:24;9.8;6:24;Correcto;412;
53;101;19/02/2022 22:34:00;5:16;15.9;5:16;Correcto;53;
240;101;19/02/2022 22:40:00;5:18;12.9;5:18;Correcto;240;
149;101;19/02/2022 22:48:00;7:21;12.5;7:21;Correcto;149;
228;101;19/02/2022 22:54:00;5:55;7.8;5:55;Correcto;228;
404;101;19/02/2022 22:59:00;4:59;13.3;4:59;Correcto;404;
245;101;19/02/2022 23:05:00;5:52;7.7;5:52;Correcto;245;
196;101;19/02/2022 23:12:00;7:01;18.4;7:01;Correcto;196;
134;101;19/02/2022 23:18:00;4:36;13;4:36;Correcto;134;
150;101;19/02/2022 23:22:00;4:34;11.4;4:34;Correcto;150;
168;101;19/02/2022 23:29:00;6:57;16.1;6:57;Correcto;168;
185;101;19/02/2022 23:34:00;3:52;6.6;3:52;Tiempo muerto de orde�o TD;185;
81;101;19/02/2022 23:41:00;7:29;11.7;7:29;Correcto;81;
130;101;19/02/2022 23:47:00;5:48;9.4;5:48;Correcto;130;
141;101;19/02/2022 23:57:00;9:38;13.6;9:38;Correcto;141;
247;101;20/02/2022 0:06:00;9:28;17.2;9:28;Correcto;247;
212;101;20/02/2022 0:13:00;6:24;11.4;6:24;Correcto;212;
76;101;20/02/2022 0:18:00;5:16;10.2;5:16;Correcto;76;
197;101;20/02/2022 0:26:00;7:07;13.3;7:07;Correcto;197;
138;101;20/02/2022 0:31:00;4:44;17.4;4:44;Correcto;138;
153;101;20/02/2022 0:37:00;6:04;14.9;6:04;Correcto;153;
146;101;20/02/2022 0:45:00;8:24;19.3;8:24;Correcto;146;
13;101;20/02/2022 0:53:00;7:25;8.1;7:25;Correcto;13;
195;101;20/02/2022 1:05:00;11:38;18.7;11:38;Correcto;195;
532;101;20/02/2022 1:14:00;9:34;10.2;9:34;Correcto;532;
231;101;20/02/2022 1:23:00;8:54;17.7;8:54;Correcto;231;
167;101;20/02/2022 1:30:00;6:21;10.1;6:21;Correcto;167;
84;101;20/02/2022 1:38:00;7:36;12.7;7:36;Correcto;84;
224;101;20/02/2022 1:44:00;5:35;9.6;5:35;Correcto;224;
31;101;20/02/2022 1:50:00;5:14;16.7;5:14;Correcto;31;
221;101;20/02/2022 1:56:00;6:02;13.3;6:02;Correcto;221;
47;101;20/02/2022 2:02:00;5:42;15.9;5:42;Correcto;47;
220;101;20/02/2022 2:06:00;4:43;10.1;4:43;Correcto;220;
72;101;20/02/2022 2:11:00;4:14;11.1;4:14;Correcto;72;
132;101;20/02/2022 2:18:00;7:03;15.1;7:03;Correcto;132;
516;101;20/02/2022 2:23:00;4:37;8.5;4:37;Correcto;516;
163;101;20/02/2022 2:34:00;11:40;22.7;11:40;Correcto;163;
117;101;20/02/2022 2:43:00;8:36;15.5;8:36;Correcto;117;
59;101;20/02/2022 2:49:00;5:30;14.9;5:30;Correcto;59;
245;101;20/02/2022 2:54:00;5:26;9.2;5:26;Correcto;245;
21;101;20/02/2022 3:00:00;5:38;10.6;5:38;Correcto;21;
259;101;20/02/2022 3:07:00;7:19;11.3;7:19;Correcto;259;
58;101;20/02/2022 3:13:00;6:06;17.2;6:06;Correcto;58;
233;101;20/02/2022 3:24:00;9:53;20.3;9:53;Correcto;233;
473;101;20/02/2022 3:33:00;8:25;16.4;8:25;Correcto;473;
198;101;20/02/2022 3:38:00;5:26;13.9;5:26;Correcto;198;
227;101;20/02/2022 3:44:00;5:45;18.2;5:45;Correcto;227;
236;101;20/02/2022 3:50:00;5:45;12.3;5:45;Correcto;236;
185;101;20/02/2022 3:56:00;5:48;9;5:48;Correcto;185;
240;101;20/02/2022 4:01:00;5:26;7.7;5:26;Correcto;240;
208;101;20/02/2022 4:08:00;6:17;2.8;6:17;Tiempo de conexi�n;208;
226;101;20/02/2022 4:14:00;5:57;10.6;5:57;Correcto;226;
291;101;20/02/2022 4:20:00;6:23;14.1;6:23;Correcto;291;
81;101;20/02/2022 4:29:00;7:47;9.7;7:47;Correcto;81;
171;101;20/02/2022 4:41:00;11:15;17.8;11:15;Correcto;171;
280;101;20/02/2022 4:50:00;9:02;14.6;9:02;Correcto;280;
170;101;20/02/2022 4:57:00;7:24;12.6;7:24;Correcto;170;
246;101;20/02/2022 5:04:00;6:09;14.4;6:09;Correcto;246;
206;101;20/02/2022 5:12:00;7:03;21.1;7:03;Correcto;206;
138;101;20/02/2022 5:16:00;4:23;10;4:23;Correcto;138;
175;101;20/02/2022 5:27:00;10:42;24.7;10:42;Correcto;175;
130;101;20/02/2022 5:34:00;6:59;12.1;6:59;Correcto;130;
149;101;20/02/2022 5:40:00;6:11;10;6:11;Correcto;149;
134;101;20/02/2022 5:45:00;4:11;10.3;4:11;Correcto;134;
196;101;20/02/2022 5:51:00;5:25;9.3;5:25;Correcto;196;
150;101;20/02/2022 5:56:00;4:50;10.6;4:50;Correcto;150;
412;101;20/02/2022 6:04:00;7:33;11.9;7:33;Correcto;412;
13;101;20/02/2022 6:30:00;7:49;9;7:49;Correcto;13;
212;101;20/02/2022 6:36:00;5:56;9.8;5:56;Correcto;212;
72;101;20/02/2022 6:40:00;4:01;9.7;4:01;Correcto;72;
394;101;20/02/2022 6:49:00;8:41;15.2;8:41;Correcto;394;
168;101;20/02/2022 6:55:00;5:24;12;5:24;Correcto;168;
231;101;20/02/2022 7:02:00;6:37;10.8;6:37;Correcto;231;
532;101;20/02/2022 7:09:00;7:23;8.5;7:23;Correcto;532;
77;101;20/02/2022 7:19:00;9:42;17.5;9:42;Correcto;77;
228;101;20/02/2022 7:26:00;6:25;9.5;6:25;Correcto;228;
31;101;20/02/2022 7:30:00;4:30;10;4:30;Correcto;31;
167;101;20/02/2022 7:37:00;6:19;0;6:19;Tiempo de conexi�n;167;
47;101;20/02/2022 7:43:00;6:14;12;6:14;Correcto;47;
220;101;20/02/2022 7:48:00;4:41;11.1;4:41;Correcto;220;
153;101;20/02/2022 7:54:00;6:13;15.8;6:13;Correcto;153;
245;101;20/02/2022 8:01:00;6:49;11.5;6:49;Correcto;245;
404;101;20/02/2022 8:06:00;5:11;13.9;5:11;Correcto;404;
167;101;20/02/2022 8:12:00;5:09;5.2;5:09;Tiempo muerto de orde�o TI;167;
224;101;20/02/2022 8:18:00;6:39;11.9;6:39;Correcto;224;
259;101;20/02/2022 8:25:00;6:49;10.1;6:49;Correcto;259;
240;101;20/02/2022 8:30:00;4:51;11.2;4:51;Correcto;240;
90;101;20/02/2022 8:38:00;7:27;22.8;7:27;Correcto;90;
81;101;20/02/2022 8:45:00;7:12;8;7:12;Correcto;81;
160;101;20/02/2022 8:51:00;6:01;16.5;6:01;Correcto;160;
167;101;20/02/2022 8:56:00;4:33;4.9;4:33;Tiempo muerto de orde�o TI;167;
132;101;20/02/2022 9:02:00;5:40;12.4;5:40;Correcto;132;
516;101;20/02/2022 9:07:00;4:37;12.7;4:37;Correcto;516;
141;101;20/02/2022 9:14:00;7:22;15;7:22;Correcto;141;
236;101;20/02/2022 9:20:00;5:44;11.4;5:44;Correcto;236;
392;101;20/02/2022 9:26:00;6:07;10.9;6:07;Correcto;392;
473;101;20/02/2022 9:37:00;6:34;13.8;6:34;Correcto;473;
49;101;20/02/2022 9:47:00;9:21;22.2;9:21;Correcto;49;
76;101;20/02/2022 9:53:00;6:32;13.8;6:32;Correcto;76;
197;101;20/02/2022 9:59:00;6:12;17.1;6:12;Correcto;197;
84;101;20/02/2022 10:08:00;8:55;15.8;8:55;Correcto;84;
249;101;20/02/2022 10:24:00;5:27;16.9;5:27;Correcto;249;
218;101;20/02/2022 10:30:00;6:23;16.1;6:23;Correcto;218;
227;101;20/02/2022 10:36:00;4:56;12.5;4:56;Correcto;227;
302;101;20/02/2022 10:41:00;5:05;15;5:05;Correcto;302;
221;101;20/02/2022 10:48:00;5:54;13.6;5:54;Correcto;221;
130;101;20/02/2022 10:59:00;5:54;11.6;5:54;Correcto;130;
59;101;20/02/2022 11:05:00;5:46;15.6;5:46;Correcto;59;
226;101;20/02/2022 11:11:00;5:51;11.8;5:51;Correcto;226;
138;101;20/02/2022 11:15:00;4:30;12.9;4:30;Correcto;138;
170;101;20/02/2022 11:29:00;8:07;13.3;8:07;Correcto;170;
246;101;20/02/2022 11:32:00;3:05;3;3:05;Intentos de conexi�n TD;246;
195;101;20/02/2022 11:42:00;9:15;17.7;9:15;Correcto;195;
146;101;20/02/2022 11:50:00;7:32;16.4;7:32;Correcto;146;
134;101;20/02/2022 11:54:00;4:25;10;4:25;Correcto;134;
72;101;20/02/2022 12:00:00;4:18;12.2;4:18;Correcto;72;
245;101;20/02/2022 12:05:00;5:03;6.7;5:03;Correcto;245;
247;101;20/02/2022 12:15:00;9:46;19.1;9:46;Correcto;247;
198;101;20/02/2022 12:22:00;6:00;11.9;6:00;Correcto;198;
532;101;20/02/2022 12:33:00;9:44;10.2;9:44;Correcto;532;
58;101;20/02/2022 12:45:00;6:56;15.8;6:56;Correcto;58;
212;101;20/02/2022 12:51:00;5:49;10.6;5:49;Correcto;212;
167;101;20/02/2022 12:58:00;7:33;15.9;7:33;Correcto;167;
53;101;20/02/2022 13:05:00;6:11;21.6;6:11;Correcto;53;
32;101;20/02/2022 13:26:00;6:23;21.7;6:23;Correcto;32;
280;101;20/02/2022 13:36:00;9:50;12;9:50;Correcto;280;
220;101;20/02/2022 13:40:00;4:17;9.5;4:17;Correcto;220;
13;101;20/02/2022 13:50:00;9:28;11.4;9:28;Correcto;13;
185;101;20/02/2022 13:56:00;5:52;12.1;5:52;Correcto;185;
81;101;20/02/2022 14:03:00;7:26;10.9;7:26;Correcto;81;
240;101;20/02/2022 14:10:00;6:16;12.9;6:16;Correcto;240;
149;101;20/02/2022 14:17:00;6:48;12.4;6:48;Correcto;149;
208;101;20/02/2022 14:26:00;9:11;21.2;9:11;Correcto;208;
168;101;20/02/2022 14:33:00;6:03;12.2;6:03;Correcto;168;
117;101;20/02/2022 14:43:00;9:55;17.7;9:55;Correcto;117;
228;101;20/02/2022 14:49:00;6:07;8.3;6:07;Correcto;228;
246;101;20/02/2022 14:56:00;7:08;13.1;7:08;Correcto;246;
412;101;20/02/2022 15:04:00;7:23;14.2;7:23;Correcto;412;
153;101;20/02/2022 15:10:00;5:55;15.5;5:55;Correcto;153;
150;101;20/02/2022 15:15:00;4:52;13.7;4:52;Correcto;150;
224;101;20/02/2022 15:22:00;6:26;11.4;6:26;Correcto;224;
404;101;20/02/2022 15:26:00;4:29;11.1;4:29;Correcto;404;
291;101;20/02/2022 15:34:00;7:45;15.6;7:45;Correcto;291;
171;101;20/02/2022 15:47:00;12:27;24.9;12:27;Correcto;171;
130;101;20/02/2022 15:53:00;5:53;10;5:53;Correcto;130;
516;101;20/02/2022 15:57:00;4:08;11.3;4:08;Correcto;516;
236;101;20/02/2022 16:05:00;7:01;13.4;7:01;Correcto;236;
245;101;20/02/2022 16:10:00;5:44;9.9;5:44;Correcto;245;
473;101;20/02/2022 16:17:00;6:33;12.8;6:33;Correcto;473;
84;101;20/02/2022 16:24:00;6:57;12.8;6:57;Correcto;84;
59;101;20/02/2022 16:29:00;4:36;10.4;4:36;Correcto;59;
196;101;20/02/2022 16:35:00;6:14;14.9;6:14;Correcto;196;
47;101;20/02/2022 16:42:00;6:55;19.3;6:55;Correcto;47;
31;101;20/02/2022 16:49:00;5:52;15.4;5:52;Correcto;31;
76;101;20/02/2022 16:54:00;5:03;8;5:03;Correcto;76;
231;101;20/02/2022 17:02:00;8:25;17.7;8:25;Correcto;231;
72;101;20/02/2022 17:07:00;4:14;10.8;4:14;Correcto;72;
233;101;20/02/2022 17:17:00;10:25;22.8;10:25;Correcto;233;
197;101;20/02/2022 17:25:00;7:40;13.6;7:40;Correcto;197;
132;101;20/02/2022 17:32:00;6:31;15.2;6:31;Correcto;132;
141;101;20/02/2022 17:40:00;7:37;13.2;7:37;Correcto;141;
226;101;20/02/2022 17:45:00;5:17;10.6;5:17;Correcto;226;
77;101;20/02/2022 17:58:00;13:06;15.2;13:06;Correcto;77;
392;101;20/02/2022 18:23:00;5:11;9.2;5:11;Correcto;392;
81;101;20/02/2022 18:34:00;7:09;8.5;7:09;Correcto;81;
167;101;20/02/2022 18:43:00;8:29;11.8;8:29;Correcto;167;
218;101;20/02/2022 18:52:00;8:21;10.5;8:21;Correcto;218;
220;101;20/02/2022 18:57:00;5:21;10.1;5:21;Correcto;220;
170;101;20/02/2022 19:06:00;8:29;13.5;8:29;Correcto;170;
134;101;20/02/2022 19:10:00;4:27;11.3;4:27;Correcto;134;
212;101;20/02/2022 19:16:00;5:47;10.4;5:47;Correcto;212;
13;101;20/02/2022 19:24:00;7:30;8.5;7:30;Correcto;13;
146;101;20/02/2022 19:30:00;5:29;9.9;5:29;Correcto;146;
259;101;20/02/2022 19:40:00;10:33;18;10:33;Correcto;259;
49;101;20/02/2022 19:48:00;7:51;15.9;7:51;Correcto;49;
394;101;20/02/2022 20:00:00;10:54;21.5;10:54;Correcto;394;
138;101;20/02/2022 20:05:00;4:50;17.1;4:50;Correcto;138;
206;101;20/02/2022 20:11:00;6:26;19.2;6:26;Correcto;206;
247;101;20/02/2022 20:20:00;8:08;12.7;8:08;Correcto;247;
21;101;20/02/2022 20:28:00;8:10;18.1;8:10;Correcto;21;
175;101;20/02/2022 20:40:00;12:18;27.9;12:18;Correcto;175;
221;101;20/02/2022 20:48:00;7:33;14.1;7:33;Correcto;221;
227;101;20/02/2022 21:09:00;5:16;19.7;5:16;Correcto;227;
163;101;20/02/2022 21:21:00;12:16;25.3;12:16;Correcto;163;
516;101;20/02/2022 21:26:00;4:27;7.3;4:27;Correcto;516;
168;101;20/02/2022 21:32:00;5:46;11;5:46;Correcto;168;
532;101;20/02/2022 21:45:00;12:25;14.7;12:25;Correcto;532;
245;101;20/02/2022 21:52:00;6:15;10.4;6:15;Correcto;245;
150;101;20/02/2022 21:57:00;5:09;9.3;5:09;Correcto;150;
90;101;20/02/2022 22:05:00;7:58;24.4;7:58;Correcto;90;
246;101;20/02/2022 22:12:00;6:53;11.6;6:53;Correcto;246;
228;101;20/02/2022 22:19:00;6:37;8.4;6:37;Correcto;228;
412;101;20/02/2022 22:25:00;6:16;11.9;6:16;Correcto;412;
224;101;20/02/2022 22:32:00;6:19;11.3;6:19;Correcto;224;
240;101;20/02/2022 22:37:00;5:02;16.7;5:02;Correcto;240;
53;101;20/02/2022 22:43:00;5:53;15.5;5:53;Correcto;53;
153;101;20/02/2022 22:49:00;5:42;14.4;5:42;Correcto;153;
130;101;20/02/2022 22:56:00;6:53;13;6:53;Correcto;130;
473;101;20/02/2022 23:03:00;7:06;13;7:06;Correcto;473;
236;101;20/02/2022 23:09:00;5:42;13.3;5:42;Correcto;236;
84;101;20/02/2022 23:17:00;7:43;13.4;7:43;Correcto;84;
72;101;20/02/2022 23:22:00;4:28;13.4;4:28;Correcto;72;
226;101;20/02/2022 23:27:00;4:57;10.1;4:57;Correcto;226;
208;101;20/02/2022 23:37:00;8:27;14.9;8:27;Correcto;208;
149;101;20/02/2022 23:44:00;7:38;12.9;7:38;Correcto;149;
198;101;20/02/2022 23:50:00;5:32;14;5:32;Correcto;198;
167;101;20/02/2022 23:56:00;6:26;12.3;6:26;Correcto;167;
195;101;21/02/2022 0:05:00;8:54;19;8:54;Correcto;195;
81;101;21/02/2022 0:15:00;9:23;10.4;9:23;Correcto;81;
404;101;21/02/2022 0:20:00;5:00;12.9;5:00;Correcto;404;
13;101;21/02/2022 0:27:00;7:16;7.8;7:16;Correcto;13;
249;101;21/02/2022 0:34:00;6:21;18.6;6:21;Correcto;249;
59;101;21/02/2022 0:40:00;5:32;14.3;5:32;Correcto;59;
132;101;21/02/2022 0:46:00;6:08;12.9;6:08;Correcto;132;
185;101;21/02/2022 0:52:00;5:39;13.8;5:39;Correcto;185;
47;101;21/02/2022 0:58:00;6:06;17.7;6:06;Correcto;47;
134;101;21/02/2022 1:02:00;4:04;9.5;4:04;Correcto;134;
197;101;21/02/2022 1:08:00;5:52;14.1;5:52;Correcto;197;
170;101;21/02/2022 1:16:00;7:12;12.4;7:12;Correcto;170;
220;101;21/02/2022 1:21:00;4:29;11.5;4:29;Correcto;220;
233;101;21/02/2022 1:28:00;7:03;14;7:03;Correcto;233;
58;101;21/02/2022 1:35:00;6:48;20;6:48;Correcto;58;
212;101;21/02/2022 1:41:00;6:11;10.1;6:11;Correcto;212;
392;101;21/02/2022 1:47:00;5:19;9.6;5:19;Correcto;392;
141;101;21/02/2022 1:58:00;7:37;16.2;7:37;Correcto;141;
117;101;21/02/2022 2:06:00;7:48;16.1;7:48;Correcto;117;
196;101;21/02/2022 2:16:00;9:17;13.2;9:17;Correcto;196;
245;101;21/02/2022 2:23:00;6:30;9.1;6:30;Correcto;245;
259;101;21/02/2022 2:31:00;7:59;13;7:59;Correcto;259;
231;101;21/02/2022 2:39:00;8:14;17.8;8:14;Correcto;231;
247;101;21/02/2022 2:46:00;6:55;10.6;6:55;Correcto;247;
516;101;21/02/2022 2:51:00;4:45;11.1;4:45;Correcto;516;
138;101;21/02/2022 2:55:00;4:06;14.3;4:06;Correcto;138;
146;101;21/02/2022 3:01:00;5:37;11;5:37;Correcto;146;
280;101;21/02/2022 3:11:00;9:50;16.9;9:50;Correcto;280;
160;101;21/02/2022 3:17:00;5:18;13.8;5:18;Correcto;160;
240;101;21/02/2022 3:21:00;4:26;11.2;4:26;Correcto;240;
76;101;21/02/2022 3:28:00;6:13;13.7;6:13;Correcto;76;
291;101;21/02/2022 3:37:00;8:47;16.4;8:47;Correcto;291;
130;101;21/02/2022 3:42:00;5:41;9.4;5:41;Correcto;130;
473;101;21/02/2022 3:49:00;6:26;10.8;6:26;Correcto;473;
53;101;21/02/2022 3:53:00;4:09;9.6;4:09;Correcto;53;
246;101;21/02/2022 3:59:00;5:34;11.2;5:34;Correcto;246;
171;101;21/02/2022 4:11:00;12:03;25;12:03;Correcto;171;
150;101;21/02/2022 4:16:00;4:14;9.6;4:14;Correcto;150;
221;101;21/02/2022 4:22:00;5:57;11.7;5:57;Correcto;221;
13;101;21/02/2022 4:28:00;5:38;6.8;5:38;Correcto;13;
84;101;21/02/2022 4:35:00;6:50;8.8;6:50;Correcto;84;
81;101;21/02/2022 4:42:00;6:50;9.4;6:50;Correcto;81;
224;101;21/02/2022 4:49:00;6:28;11.3;6:28;Correcto;224;
72;101;21/02/2022 4:53:00;4:39;12.3;4:39;Correcto;72;
236;101;21/02/2022 4:59:00;6:04;12.5;6:04;Correcto;236;
175;101;21/02/2022 5:09:00;9:39;18.7;9:39;Correcto;175;
31;101;21/02/2022 5:16:00;7:03;20.6;7:03;Correcto;31;
412;101;21/02/2022 5:23:00;6:31;12.2;6:31;Correcto;412;
226;101;21/02/2022 5:29:00;5:43;10.4;5:43;Correcto;226;
168;101;21/02/2022 5:35:00;5:47;12.9;5:47;Correcto;168;
227;101;21/02/2022 5:41:00;6:14;16.2;6:14;Correcto;227;
228;101;21/02/2022 5:47:00;5:49;8.2;5:49;Correcto;228;
532;101;21/02/2022 5:59:00;11:32;13.4;11:32;Correcto;532;
394;101;21/02/2022 6:21:00;4:21;5.8;4:21;Tiempo muerto de orde�o DI;394;
302;101;21/02/2022 6:27:00;5:55;16.7;5:55;Correcto;302;
21;101;21/02/2022 6:35:00;6:39;11.3;6:39;Correcto;21;
149;101;21/02/2022 6:41:00;5:41;9.9;5:41;Correcto;149;
153;101;21/02/2022 6:47:00;5:56;17.2;5:56;Correcto;153;
220;101;21/02/2022 6:53:00;6:14;10.8;6:14;Correcto;220;
134;101;21/02/2022 6:58:00;4:22;9.9;4:22;Correcto;134;
197;101;21/02/2022 7:05:00;6:48;12;6:48;Correcto;197;
245;101;21/02/2022 7:11:00;5:58;7.9;5:58;Correcto;245;
47;101;21/02/2022 7:16:00;5:10;14.2;5:10;Correcto;47;
132;101;21/02/2022 7:23:00;5:54;12.6;5:54;Correcto;132;
167;101;21/02/2022 7:31:00;8:10;18.9;8:10;Correcto;167;
138;101;21/02/2022 7:36:00;4:12;9.7;4:12;Correcto;138;
259;101;21/02/2022 7:44:00;8:08;10.2;8:08;Correcto;259;
206;101;21/02/2022 7:50:00;5:40;16.1;5:40;Correcto;206;
240;101;21/02/2022 7:55:00;4:51;10;4:51;Correcto;240;
231;101;21/02/2022 8:01:00;5:40;11.5;5:40;Correcto;231;
170;101;21/02/2022 8:09:00;7:54;13.6;7:54;Correcto;170;
404;101;21/02/2022 8:15:00;5:24;12;5:24;Correcto;404;
208;101;21/02/2022 8:26:00;6:10;0.4;6:10;Tiempo de conexi�n;208;
516;101;21/02/2022 8:30:00;4:15;10.6;4:15;Correcto;516;
13;101;21/02/2022 8:36:00;6:05;6.7;6:05;Correcto;13;
141;101;21/02/2022 8:43:00;6:33;11.6;6:33;Correcto;141;
233;101;21/02/2022 8:50:00;7:01;13.2;7:01;Correcto;233;
49;101;21/02/2022 9:00:00;9:19;21.6;9:19;Correcto;49;
53;101;21/02/2022 9:04:00;4:34;9.5;4:34;Correcto;53;
218;101;21/02/2022 9:25:00;6:52;15.8;6:52;Correcto;218;
59;101;21/02/2022 9:30:00;5:00;14.8;5:00;Correcto;59;
77;101;21/02/2022 9:33:00;3:27;3;3:27;Intentos de conexi�n DD;77;
291;101;21/02/2022 9:36:00;2:31;0.8;2:31;Intentos de conexi�n DD;291;
32;101;21/02/2022 9:41:00;4:40;16.5;4:40;Correcto;32;
280;101;21/02/2022 10:05:00;6:54;10.2;6:54;Correcto;280;
81;101;21/02/2022 10:12:00;7:17;11.3;7:17;Correcto;81;
130;101;21/02/2022 10:19:00;7:01;14.3;7:01;Correcto;130;
90;101;21/02/2022 10:26:00;7:22;24.8;7:22;Correcto;90;
150;101;21/02/2022 10:32:00;5:34;10.7;5:34;Correcto;150;
84;101;21/02/2022 10:39:00;7:16;12.8;7:16;Correcto;84;
212;101;21/02/2022 10:47:00;7:13;14.6;7:13;Correcto;212;
246;101;21/02/2022 10:53:00;6:08;12.2;6:08;Correcto;246;
224;101;21/02/2022 11:00:00;6:32;10.9;6:32;Correcto;224;
146;101;21/02/2022 11:06:00;6:18;12.6;6:18;Correcto;146;
171;101;21/02/2022 11:16:00;9:49;18.1;9:49;Correcto;171;
226;101;21/02/2022 11:21:00;5:11;10.4;5:11;Correcto;226;
168;101;21/02/2022 11:27:00;5:00;9.8;5:00;Correcto;168;
245;101;21/02/2022 11:35:00;6:28;10.8;6:28;Correcto;245;
473;101;21/02/2022 11:42:00;7:12;14.4;7:12;Correcto;473;
185;101;21/02/2022 11:48:00;4:55;11.8;4:55;Correcto;185;
72;101;21/02/2022 11:53:00;4:49;15.1;4:49;Correcto;72;
31;101;21/02/2022 11:57:00;4:20;10.9;4:20;Correcto;31;
236;101;21/02/2022 12:02:00;5:07;13.9;5:07;Correcto;236;
153;101;21/02/2022 12:08:00;5:15;12.9;5:15;Correcto;153;
392;101;21/02/2022 12:15:00;7:14;14.2;7:14;Correcto;392;
220;101;21/02/2022 12:24:00;4:17;9.9;4:17;Correcto;220;
195;101;21/02/2022 12:34:00;10:04;19.6;10:04;Correcto;195;
58;101;21/02/2022 12:41:00;6:42;18.3;6:42;Correcto;58;
249;101;21/02/2022 12:47:00;6:32;18.6;6:32;Correcto;249;
412;101;21/02/2022 12:55:00;7:36;12.2;7:36;Correcto;412;
247;101;21/02/2022 13:04:00;9:12;17;9:12;Correcto;247;
76;101;21/02/2022 13:12:00;7:16;13.1;7:16;Correcto;76;
117;101;21/02/2022 13:20:00;8:01;17;8:01;Correcto;117;
228;101;21/02/2022 13:26:00;6:27;8.4;6:27;Correcto;228;
196;101;21/02/2022 13:33:00;6:57;15.4;6:57;Correcto;196;
532;101;21/02/2022 13:45:00;11:03;12.5;11:03;Correcto;532;
13;101;21/02/2022 13:52:00;7:04;8.1;7:04;Correcto;13;
167;101;21/02/2022 14:01:00;9:13;13;9:13;Correcto;167;
134;101;21/02/2022 14:05:00;4:16;11.6;4:16;Correcto;134;
175;101;21/02/2022 14:14:00;8:47;19;8:47;Correcto;175;
516;101;21/02/2022 14:19:00;4:17;9;4:17;Correcto;516;
394;101;21/02/2022 14:31:00;11:57;20.1;11:57;Correcto;394;
198;101;21/02/2022 14:39:00;8:19;19;8:19;Correcto;198;
221;101;21/02/2022 14:46:00;6:53;15.7;6:53;Correcto;221;
77;101;21/02/2022 15:00:00;13:31;23.3;13:31;Correcto;77;
81;101;21/02/2022 15:07:00;7:31;8.8;7:31;Correcto;81;
231;101;21/02/2022 15:15:00;7:43;13.8;7:43;Correcto;231;
259;101;21/02/2022 15:25:00;9:07;14.2;9:07;Correcto;259;
130;101;21/02/2022 15:30:00;5:47;10.6;5:47;Correcto;130;
132;101;21/02/2022 15:37:00;6:10;15.3;6:10;Correcto;132;
84;101;21/02/2022 15:43:00;6:16;10.1;6:16;Correcto;84;
170;101;21/02/2022 15:52:00;9:06;15.1;9:06;Correcto;170;
53;101;21/02/2022 15:57:00;4:56;12.3;4:56;Correcto;53;
197;101;21/02/2022 16:04:00;6:23;16.1;6:23;Correcto;197;
208;101;21/02/2022 16:14:00;10:00;22.1;10:00;Correcto;208;
473;101;21/02/2022 16:20:00;5:59;11.2;5:59;Correcto;473;
245;101;21/02/2022 16:27:00;6:10;10.5;6:10;Correcto;245;
224;101;21/02/2022 16:33:00;5:39;9.5;5:39;Correcto;224;
240;101;21/02/2022 16:39:00;5:43;17.8;5:43;Correcto;240;
404;101;21/02/2022 16:44:00;4:49;11.7;4:49;Correcto;404;
72;101;21/02/2022 16:48:00;4:09;10.3;4:09;Correcto;72;
21;101;21/02/2022 16:54:00;5:50;11.7;5:50;Correcto;21;
233;101;21/02/2022 17:01:00;6:37;14.2;6:37;Correcto;233;
291;101;21/02/2022 17:09:00;7:37;16.2;7:37;Correcto;291;
227;101;21/02/2022 17:15:00;5:41;21.5;5:41;Correcto;227;
212;101;21/02/2022 17:22:00;6:47;10.9;6:47;Correcto;212;
59;101;21/02/2022 17:28:00;5:54;14.6;5:54;Correcto;59;
246;101;21/02/2022 17:31:00;2:41;2.2;2:41;Intentos de conexi�n TD;246;
47;101;21/02/2022 17:38:00;6:24;20.1;6:24;Correcto;47;
146;101;21/02/2022 17:43:00;5:23;9;5:23;Correcto;146;
226;101;21/02/2022 17:48:00;5:11;10.8;5:11;Correcto;226;
220;101;21/02/2022 17:53:00;4:43;10.1;4:43;Correcto;220;
153;101;21/02/2022 17:59:00;5:15;12;5:15;Correcto;153;
236;101;21/02/2022 18:22:00;5:01;12.4;5:01;Correcto;236;
49;101;21/02/2022 18:30:00;8:38;15.8;8:38;Correcto;49;
13;101;21/02/2022 18:37:00;6:28;7.7;6:28;Correcto;13;
150;101;21/02/2022 18:42:00;4:53;12.6;4:53;Correcto;150;
141;101;21/02/2022 18:50:00;7:29;16.6;7:29;Correcto;141;
171;101;21/02/2022 19:00:00;9:41;16.9;9:41;Correcto;171;
246;101;21/02/2022 19:03:00;2:46;1.6;2:46;Intentos de conexi�n TD;246;
168;101;21/02/2022 19:10:00;5:53;12.4;5:53;Correcto;168;
167;101;21/02/2022 19:30:00;8:22;13;8:22;Correcto;167;
160;101;21/02/2022 19:35:00;5:10;13;5:10;Correcto;160;
392;101;21/02/2022 19:42:00;6:09;9.4;6:09;Correcto;392;
218;101;21/02/2022 19:48:00;5:51;13.3;5:51;Correcto;218;
163;101;21/02/2022 20:01:00;12:53;27.1;12:53;Correcto;163;
81;101;21/02/2022 20:08:00;7:25;9.1;7:25;Correcto;81;
280;101;21/02/2022 20:17:00;9:07;13.9;9:07;Correcto;280;
302;101;21/02/2022 20:23:00;5:24;15.1;5:24;Correcto;302;
32;101;21/02/2022 20:30:00;3:45;9.5;3:45;Correcto;32;
170;101;21/02/2022 20:36:00;5:54;9.7;5:54;Correcto;170;
130;101;21/02/2022 20:41:00;5:29;10.2;5:29;Correcto;130;
58;101;21/02/2022 20:48:00;5:43;13.1;5:43;Correcto;58;
247;101;21/02/2022 20:55:00;7:41;13;7:41;Correcto;247;
516;101;21/02/2022 21:00:00;4:49;12.2;4:49;Correcto;516;
76;101;21/02/2022 21:06:00;5:04;10.2;5:04;Correcto;76;
532;101;21/02/2022 21:17:00;10:50;12.5;10:50;Correcto;532;
138;101;21/02/2022 21:23:00;5:56;23.7;5:56;Correcto;138;
149;101;21/02/2022 21:34:00;10:57;18.6;10:57;Correcto;149;
72;101;21/02/2022 21:38:00;4:29;9.7;4:29;Correcto;72;
412;101;21/02/2022 21:45:00;6:41;13.5;6:41;Correcto;412;
228;101;21/02/2022 22:04:00;6:19;9.4;6:19;Correcto;228;
84;101;21/02/2022 22:11:00;7:08;12.6;7:08;Correcto;84;
224;101;21/02/2022 22:17:00;6:05;9.4;6:05;Correcto;224;
13;101;21/02/2022 22:23:00;5:42;5.4;5:42;Correcto;13;
259;101;21/02/2022 22:32:00;8:56;13.2;8:56;Correcto;259;
245;101;21/02/2022 22:39:00;7:25;11.7;7:25;Correcto;245;
473;101;21/02/2022 22:46:00;6:49;11.8;6:49;Correcto;473;
134;101;21/02/2022 22:51:00;4:47;13.8;4:47;Correcto;134;
53;101;21/02/2022 22:56:00;4:55;12.7;4:55;Correcto;53;
221;101;21/02/2022 23:04:00;6:42;12.6;6:42;Correcto;221;
220;101;21/02/2022 23:08:00;4:25;9.5;4:25;Correcto;220;
185;101;21/02/2022 23:15:00;6:27;12.8;6:27;Correcto;185;
195;101;21/02/2022 23:23:00;7:41;17;7:41;Correcto;195;
196;101;21/02/2022 23:29:00;5:53;13.2;5:53;Correcto;196;
240;101;21/02/2022 23:34:00;5:25;14;5:25;Correcto;240;
90;101;21/02/2022 23:44:00;7:46;26;7:46;Correcto;90;
226;101;21/02/2022 23:50:00;5:59;10.3;5:59;Correcto;226;
31;101;21/02/2022 23:55:00;5:42;17.3;5:42;Correcto;31;
404;101;22/02/2022 0:01:00;5:17;10.9;5:17;Correcto;404;
197;101;22/02/2022 0:08:00;5:31;14.4;5:31;Correcto;197;
81;101;22/02/2022 0:15:00;6:26;8.8;6:26;Correcto;81;
249;101;22/02/2022 0:22:00;6:20;17.2;6:20;Correcto;249;
132;101;22/02/2022 0:29:00;6:48;15.8;6:48;Correcto;132;
236;101;22/02/2022 0:34:00;5:17;11.6;5:17;Correcto;236;
175;101;22/02/2022 0:44:00;9:01;21.4;9:01;Correcto;175;
394;101;22/02/2022 0:56:00;10:51;16.4;10:51;Correcto;394;
117;101;22/02/2022 1:05:00;8:27;17.2;8:27;Correcto;117;
233;101;22/02/2022 1:12:00;7:26;13.9;7:26;Correcto;233;
170;101;22/02/2022 1:19:00;6:32;9.7;6:32;Correcto;170;
208;101;22/02/2022 1:27:00;7:28;14.4;7:28;Correcto;208;
231;101;22/02/2022 1:35:00;8:12;19.7;8:12;Correcto;231;
392;101;22/02/2022 1:41:00;5:23;8;5:23;Correcto;392;
130;101;22/02/2022 1:47:00;6:27;9.2;6:27;Correcto;130;
141;101;22/02/2022 1:55:00;7:49;12.2;7:49;Correcto;141;
167;101;22/02/2022 2:02:00;7:00;15;7:00;Correcto;167;
198;101;22/02/2022 2:08:00;5:52;14.1;5:52;Correcto;198;
246;101;22/02/2022 2:12:00;3:31;4.4;3:31;Intentos de conexi�n TD;246;
59;101;22/02/2022 2:18:00;5:49;15.5;5:49;Correcto;59;
47;101;22/02/2022 2:25:00;7:17;16.2;7:17;Correcto;47;
168;101;22/02/2022 2:31:00;5:58;11.8;5:58;Correcto;168;
153;101;22/02/2022 2:37:00;6:03;15.8;6:03;Correcto;153;
291;101;22/02/2022 2:45:00;6:42;12.9;6:42;Correcto;291;
212;101;22/02/2022 2:51:00;6:20;13.6;6:20;Correcto;212;
13;101;22/02/2022 2:57:00;5:32;7.3;5:32;Correcto;13;
77;101;22/02/2022 3:05:00;8:40;15.8;8:40;Correcto;77;
245;101;22/02/2022 3:12:00;6:19;8.7;6:19;Correcto;245;
516;101;22/02/2022 3:16:00;3:56;10.1;3:56;Correcto;516;
138;101;22/02/2022 3:20:00;3:33;9.8;3:33;Correcto;138;
247;101;22/02/2022 3:27:00;6:36;11;6:36;Correcto;247;
150;101;22/02/2022 3:34:00;6:39;13.8;6:39;Correcto;150;
72;101;22/02/2022 3:38:00;4:31;12.6;4:31;Correcto;72;
473;101;22/02/2022 3:44:00;5:46;9.8;5:46;Correcto;473;
532;101;22/02/2022 3:54:00;9:05;11.2;9:05;Correcto;532;
259;101;22/02/2022 4:03:00;8:36;10.6;8:36;Correcto;259;
84;101;22/02/2022 4:10:00;6:39;11.5;6:39;Correcto;84;
220;101;22/02/2022 4:14:00;4:47;9.5;4:47;Correcto;220;
412;101;22/02/2022 4:20:00;5:47;10.7;5:47;Correcto;412;
146;101;22/02/2022 4:27:00;6:35;15.8;6:35;Correcto;146;
149;101;22/02/2022 4:34:00;7:17;9.6;7:17;Correcto;149;
227;101;22/02/2022 4:41:00;5:56;21.1;5:56;Correcto;227;
171;101;22/02/2022 4:53:00;11:48;20.7;11:48;Correcto;171;
53;101;22/02/2022 4:58:00;5:52;11.5;5:52;Correcto;53;
221;101;22/02/2022 5:04:00;5:19;9.5;5:19;Correcto;221;
240;101;22/02/2022 5:10:00;5:30;12;5:30;Correcto;240;
224;101;22/02/2022 5:17:00;6:09;12.5;6:09;Correcto;224;
21;101;22/02/2022 5:23:00;6:16;14.1;6:16;Correcto;21;
31;101;22/02/2022 5:28:00;5:01;9.8;5:01;Correcto;31;
163;101;22/02/2022 5:37:00;8:09;11.5;8:09;Correcto;163;
280;101;22/02/2022 5:46:00;8:40;12.6;8:40;Correcto;280;
170;101;22/02/2022 5:53:00;6:36;9.2;6:36;Correcto;170;
81;101;22/02/2022 6:01:00;7:40;10.5;7:40;Correcto;81;
228;101;22/02/2022 6:26:00;7:00;9.1;7:00;Correcto;228;
134;101;22/02/2022 6:30:00;4:23;12.1;4:23;Correcto;134;
231;101;22/02/2022 6:39:00;5:09;10.2;5:09;Correcto;231;
302;101;22/02/2022 6:44:00;4:36;11.9;4:36;Correcto;302;
13;101;22/02/2022 6:50:00;6:03;6.5;6:03;Correcto;13;
130;101;22/02/2022 6:56:00;6:00;10;6:00;Correcto;130;
197;101;22/02/2022 7:02:00;5:37;12.6;5:37;Correcto;197;
226;101;22/02/2022 7:08:00;5:46;11.9;5:46;Correcto;226;
58;101;22/02/2022 7:15:00;6:48;16.8;6:48;Correcto;58;
196;101;22/02/2022 7:21:00;5:56;11.3;5:56;Correcto;196;
132;101;22/02/2022 7:27:00;5:23;12.9;5:23;Correcto;132;
236;101;22/02/2022 7:33:00;5:32;14.1;5:32;Correcto;236;
246;101;22/02/2022 7:41:00;7:45;19;7:45;Correcto;246;
175;101;22/02/2022 7:49:00;7:25;15.4;7:25;Correcto;175;
141;101;22/02/2022 7:55:00;6:04;8.2;6:04;Correcto;141;
72;101;22/02/2022 8:00:00;4:26;9.7;4:26;Correcto;72;
245;101;22/02/2022 8:06:00;6:08;9.8;6:08;Correcto;245;
233;101;22/02/2022 8:15:00;6:44;12.8;6:44;Correcto;233;
32;101;22/02/2022 8:20:00;4:53;11.9;4:53;Correcto;32;
167;101;22/02/2022 8:27:00;6:33;13.5;6:33;Correcto;167;
49;101;22/02/2022 8:52:00;8:58;22.3;8:58;Correcto;49;
76;101;22/02/2022 9:00:00;7:52;14.7;7:52;Correcto;76;
160;101;22/02/2022 9:04:00;4:51;10.4;4:51;Correcto;160;
218;101;22/02/2022 9:11:00;6:20;13.7;6:20;Correcto;218;
532;101;22/02/2022 9:21:00;9:30;9.5;9:30;Correcto;532;
84;101;22/02/2022 9:27:00;5:39;10.2;5:39;Correcto;84;
412;101;22/02/2022 9:31:00;4:39;8.7;4:39;Correcto;412;
394;101;22/02/2022 9:45:00;8:45;14.1;8:45;Correcto;394;
404;101;22/02/2022 9:51:00;5:25;14.5;5:25;Correcto;404;
220;101;22/02/2022 9:55:00;4:35;9.7;4:35;Correcto;220;
153;101;22/02/2022 10:01:00;6:07;15.7;6:07;Correcto;153;
81;101;22/02/2022 10:08:00;6:01;10;6:01;Correcto;81;
185;101;22/02/2022 10:16:00;8:40;12.5;8:40;Correcto;185;
195;101;22/02/2022 10:25:00;8:36;17.4;8:36;Correcto;195;
53;101;22/02/2022 10:29:00;4:25;10.4;4:25;Correcto;53;
208;101;22/02/2022 10:37:00;7:11;14.5;7:11;Correcto;208;
473;101;22/02/2022 10:44:00;7:06;14.6;7:06;Correcto;473;
138;101;22/02/2022 10:48:00;4:21;14.7;4:21;Correcto;138;
168;101;22/02/2022 10:55:00;6:25;14.2;6:25;Correcto;168;
392;101;22/02/2022 11:02:00;6:27;12.8;6:27;Correcto;392;
77;101;22/02/2022 11:11:00;9:42;10.4;9:42;Correcto;77;
240;101;22/02/2022 11:17:00;5:16;12.5;5:16;Correcto;240;
90;101;22/02/2022 11:25:00;7:50;23;7:50;Correcto;90;
247;101;22/02/2022 11:33:00;8:36;13.5;8:36;Correcto;247;
212;101;22/02/2022 11:40:00;5:59;12.2;5:59;Correcto;212;
170;101;22/02/2022 11:47:00;7:13;11.8;7:13;Correcto;170;
259;101;22/02/2022 11:57:00;9:55;14.6;9:55;Correcto;259;
130;101;22/02/2022 12:03:00;5:28;10.5;5:28;Correcto;130;
249;101;22/02/2022 12:09:00;5:38;17.9;5:38;Correcto;249;
31;101;22/02/2022 12:14:00;4:18;11.3;4:18;Correcto;31;
59;101;22/02/2022 12:19:00;5:17;17.4;5:17;Correcto;59;
516;101;22/02/2022 12:25:00;4:47;14.3;4:47;Correcto;516;
47;101;22/02/2022 12:32:00;7:15;20;7:15;Correcto;47;
245;101;22/02/2022 12:38:00;5:58;9.2;5:58;Correcto;245;
224;101;22/02/2022 12:45:00;6:26;12.8;6:26;Correcto;224;
236;101;22/02/2022 12:50:00;5:14;10.2;5:14;Correcto;236;
171;101;22/02/2022 13:01:00;10:38;19.2;10:38;Correcto;171;
134;101;22/02/2022 13:06:00;4:34;10.1;4:34;Correcto;134;
150;101;22/02/2022 13:11:00;5:02;14.8;5:02;Correcto;150;
117;101;22/02/2022 13:20:00;8:55;18.4;8:55;Correcto;117;
197;101;22/02/2022 13:27:00;6:48;12.1;6:48;Correcto;197;
146;101;22/02/2022 13:33:00;6:12;12.9;6:12;Correcto;146;
291;101;22/02/2022 13:40:00;6:57;14.6;6:57;Correcto;291;
149;101;22/02/2022 13:48:00;7:51;12.2;7:51;Correcto;149;
226;101;22/02/2022 13:53:00;5:23;11.6;5:23;Correcto;226;
132;101;22/02/2022 13:59:00;5:29;12;5:29;Correcto;132;
228;101;22/02/2022 14:04:00;5:14;8;5:14;Correcto;228;
72;101;22/02/2022 14:10:00;5:22;13;5:22;Correcto;72;
227;101;22/02/2022 14:15:00;4:44;17.3;4:44;Correcto;227;
81;101;22/02/2022 14:22:00;7:33;6.3;7:33;Correcto;81;
231;101;22/02/2022 14:30:00;7:10;15.8;7:10;Correcto;231;
84;101;22/02/2022 14:36:00;5:53;10;5:53;Correcto;84;
167;101;22/02/2022 14:42:00;6:06;2.9;6:06;Tiempo de conexi�n;167;
58;101;22/02/2022 14:48:00;5:23;12.4;5:23;Correcto;58;
13;101;22/02/2022 14:58:00;9:09;12.6;9:09;Correcto;13;
220;101;22/02/2022 15:02:00;4:05;9.1;4:05;Correcto;220;
233;101;22/02/2022 15:08:00;5:38;12.1;5:38;Correcto;233;
141;101;22/02/2022 15:15:00;7:09;13.8;7:09;Correcto;141;
175;101;22/02/2022 15:23:00;7:59;16.1;7:59;Correcto;175;
198;101;22/02/2022 15:30:00;6:07;16.7;6:07;Correcto;198;
246;101;22/02/2022 15:36:00;6:20;12.8;6:20;Correcto;246;
532;101;22/02/2022 15:47:00;10:15;10.6;10:15;Correcto;532;
412;101;22/02/2022 15:53:00;6:29;10;6:29;Correcto;412;
196;101;22/02/2022 16:03:00;5:25;11.8;5:25;Correcto;196;
163;101;22/02/2022 16:15:00;9:25;15.1;9:25;Correcto;163;
221;101;22/02/2022 16:22:00;6:30;16.3;6:30;Correcto;221;
138;101;22/02/2022 16:27:00;3:54;9.7;3:54;Correcto;138;
404;101;22/02/2022 16:32:00;4:54;9.3;4:54;Correcto;404;
392;101;22/02/2022 16:37:00;5:28;7.9;5:28;Correcto;392;
473;101;22/02/2022 16:44:00;6:06;11.4;6:06;Correcto;473;
153;101;22/02/2022 16:50:00;5:54;14.4;5:54;Correcto;153;
208;101;22/02/2022 16:57:00;7:04;10.7;7:04;Correcto;208;
53;101;22/02/2022 17:02:00;4:42;12.6;4:42;Correcto;53;
130;101;22/02/2022 17:08:00;5:37;10;5:37;Correcto;130;
170;101;22/02/2022 17:16:00;7:37;10.1;7:37;Correcto;170;
245;101;22/02/2022 17:22:00;5:52;9.4;5:52;Correcto;245;
240;101;22/02/2022 17:29:00;5:25;13.8;5:25;Correcto;240;
259;101;22/02/2022 17:37:00;8:03;10.6;8:03;Correcto;259;
59;101;22/02/2022 17:41:00;4:16;10.7;4:16;Correcto;59;
21;101;22/02/2022 17:49:00;6:59;14.1;6:59;Correcto;21;
32;101;22/02/2022 17:53:00;4:21;9.9;4:21;Correcto;32;
168;101;22/02/2022 17:59:00;5:12;11.8;5:12;Correcto;168;
212;101;22/02/2022 18:28:00;5:32;10.6;5:32;Correcto;212;
218;101;22/02/2022 18:34:00;6:00;11.4;6:00;Correcto;218;
224;101;22/02/2022 18:51:00;5:57;10;5:57;Correcto;224;
81;101;22/02/2022 18:59:00;7:21;10.4;7:21;Correcto;81;
49;101;22/02/2022 19:07:00;7:45;16.2;7:45;Correcto;49;
76;101;22/02/2022 19:14:00;6:57;12.9;6:57;Correcto;76;
247;101;22/02/2022 19:22:00;7:32;13.3;7:32;Correcto;247;
31;101;22/02/2022 19:27:00;4:36;12;4:36;Correcto;31;
516;101;22/02/2022 19:31:00;4:06;10.8;4:06;Correcto;516;
302;101;22/02/2022 19:37:00;5:21;14.8;5:21;Correcto;302;
236;101;22/02/2022 19:43:00;5:14;12.7;5:14;Correcto;236;
72;101;22/02/2022 19:47:00;4:13;11.2;4:13;Correcto;72;
226;101;22/02/2022 19:52:00;4:41;9.8;4:41;Correcto;226;
84;101;22/02/2022 19:58:00;6:25;10.3;6:25;Correcto;84;
394;101;22/02/2022 20:08:00;9:49;17.2;9:49;Correcto;394;
220;101;22/02/2022 20:13:00;4:14;8.9;4:14;Correcto;220;
167;101;22/02/2022 20:23:00;9:51;20;9:51;Correcto;167;
185;101;22/02/2022 20:31:00;5:22;10.3;5:22;Correcto;185;
150;101;22/02/2022 20:36:00;4:02;10.6;4:02;Correcto;150;
134;101;22/02/2022 20:41:00;4:54;11.8;4:54;Correcto;134;
132;101;22/02/2022 20:47:00;5:03;12.3;5:03;Correcto;132;
195;101;22/02/2022 20:55:00;7:50;16;7:50;Correcto;195;
149;101;22/02/2022 21:02:00;6:16;10;6:16;Correcto;149;
221;101;22/02/2022 21:07:00;4:24;8.1;4:24;Correcto;221;
233;101;22/02/2022 21:13:00;5:19;10.4;5:19;Correcto;233;
171;101;22/02/2022 21:24:00;10:45;18.6;10:45;Correcto;171;
228;101;22/02/2022 21:29:00;5:31;7.5;5:31;Correcto;228;
412;101;22/02/2022 21:35:00;4:51;8.7;4:51;Correcto;412;
532;101;22/02/2022 21:50:00;10:42;10.4;10:42;Correcto;532;
473;101;22/02/2022 21:57:00;6:16;10;6:16;Correcto;473;
53;101;22/02/2022 22:01:00;4:15;9.3;4:15;Correcto;53;
13;101;22/02/2022 22:09:00;7:55;10.6;7:55;Correcto;13;
170;101;22/02/2022 22:16:00;7:07;10.7;7:07;Correcto;170;
245;101;22/02/2022 22:24:00;7:28;10;7:28;Correcto;245;
47;101;22/02/2022 22:31:00;6:34;21.2;6:34;Correcto;47;
392;101;22/02/2022 22:37:00;5:39;8.1;5:39;Correcto;392;
141;101;22/02/2022 22:41:00;3:56;6.7;3:56;Tiempo muerto de orde�o TD;141;
197;101;22/02/2022 22:48:00;7:03;16.1;7:03;Correcto;197;
130;101;22/02/2022 22:54:00;6:01;10.6;6:01;Correcto;130;
249;101;22/02/2022 23:01:00;5:30;16.2;5:30;Correcto;249;
227;101;22/02/2022 23:07:00;5:44;16.5;5:44;Correcto;227;
163;101;22/02/2022 23:15:00;6:37;9.2;6:37;Correcto;163;
146;101;22/02/2022 23:24:00;6:50;13.8;6:50;Correcto;146;
90;101;22/02/2022 23:32:00;7:12;22.3;7:12;Correcto;90;
196;101;22/02/2022 23:38:00;6:08;10.6;6:08;Correcto;196;
404;101;22/02/2022 23:44:00;5:01;10.6;5:01;Correcto;404;
81;101;22/02/2022 23:51:00;7:13;9.8;7:13;Correcto;81;
231;101;23/02/2022 0:00:00;8:06;18.7;8:06;Correcto;231;
58;101;23/02/2022 0:06:00;5:57;14.5;5:57;Correcto;58;
259;101;23/02/2022 0:18:00;10:13;12.2;10:13;Correcto;259;
168;101;23/02/2022 0:24:00;5:34;10.7;5:34;Correcto;168;
224;101;23/02/2022 0:30:00;6:13;10.4;6:13;Correcto;224;
138;101;23/02/2022 0:34:00;4:06;14.6;4:06;Correcto;138;
236;101;23/02/2022 0:42:00;5:03;9.6;5:03;Correcto;236;
291;101;23/02/2022 0:51:00;6:50;14.9;6:50;Correcto;291;
516;101;23/02/2022 0:55:00;3:47;7.2;3:47;Correcto;516;
198;101;23/02/2022 1:00:00;4:23;10.8;4:23;Correcto;198;
240;101;23/02/2022 1:05:00;5:09;14.5;5:09;Correcto;240;
208;101;23/02/2022 1:13:00;7:18;12.7;7:18;Correcto;208;
247;101;23/02/2022 1:20:00;6:53;10.3;6:53;Correcto;247;
160;101;23/02/2022 1:27:00;5:43;13.5;5:43;Correcto;160;
220;101;23/02/2022 1:31:00;4:18;9.2;4:18;Correcto;220;
59;101;23/02/2022 1:36:00;4:51;13.9;4:51;Correcto;59;
226;101;23/02/2022 1:41:00;5:09;9.5;5:09;Correcto;226;
153;101;23/02/2022 1:48:00;6:03;17.6;6:03;Correcto;153;
117;101;23/02/2022 1:58:00;8:41;17.9;8:41;Correcto;117;
212;101;23/02/2022 2:05:00;6:23;11.1;6:23;Correcto;212;
77;101;23/02/2022 2:17:00;10:57;20;10:57;Correcto;77;
84;101;23/02/2022 2:24:00;7:17;12.1;7:17;Correcto;84;
72;101;23/02/2022 2:29:00;5:00;14.2;5:00;Correcto;72;
31;101;23/02/2022 2:35:00;4:32;11.6;4:32;Correcto;31;
246;101;23/02/2022 2:41:00;6:51;17.6;6:51;Correcto;246;
167;101;23/02/2022 2:51:00;9:22;13.4;9:22;Correcto;167;
245;101;23/02/2022 2:59:00;7:53;8.6;7:53;Correcto;245;
141;101;23/02/2022 3:02:00;2:47;0.9;2:47;Intentos de conexi�n TI;141;
412;101;23/02/2022 3:07:00;4:25;9.7;4:25;Correcto;412;
170;101;23/02/2022 3:19:00;8:03;10.7;8:03;Correcto;170;
473;101;23/02/2022 3:25:00;5:46;9;5:46;Correcto;473;
53;101;23/02/2022 3:31:00;4:57;11.3;4:57;Correcto;53;
76;101;23/02/2022 3:36:00;4:46;9.9;4:46;Correcto;76;
149;101;23/02/2022 3:43:00;7:22;9.3;7:22;Correcto;149;
150;101;23/02/2022 3:48:00;4:20;11.2;4:20;Correcto;150;
130;101;23/02/2022 3:55:00;5:54;10.3;5:54;Correcto;130;
221;101;23/02/2022 4:01:00;6:02;10.5;6:02;Correcto;221;
532;101;23/02/2022 4:11:00;9:18;10.5;9:18;Correcto;532;
32;101;23/02/2022 4:15:00;3:45;9.5;3:45;Correcto;32;
90;101;23/02/2022 4:21:00;6:02;9.2;6:02;Correcto;90;
13;101;23/02/2022 4:30:00;8:54;9.3;8:54;Correcto;13;
394;101;23/02/2022 4:38:00;8:03;13.3;8:03;Correcto;394;
81;101;23/02/2022 4:45:00;6:24;10.4;6:24;Correcto;81;
233;101;23/02/2022 4:53:00;7:44;13.3;7:44;Correcto;233;
175;101;23/02/2022 5:04:00;10:54;23;10:54;Correcto;175;
134;101;23/02/2022 5:09:00;4:58;14.1;4:58;Correcto;134;
231;101;23/02/2022 5:15:00;5:49;10.6;5:49;Correcto;231;
197;101;23/02/2022 5:21:00;5:14;12.8;5:14;Correcto;197;
47;101;23/02/2022 5:27:00;5:36;14.5;5:36;Correcto;47;
228;101;23/02/2022 5:34:00;6:56;8.6;6:56;Correcto;228;
132;101;23/02/2022 5:42:00;7:20;15.7;7:20;Correcto;132;
141;101;23/02/2022 5:50:00;7:36;15.7;7:36;Correcto;141;
138;101;23/02/2022 5:54:00;3:36;9.9;3:36;Correcto;138;
302;101;23/02/2022 5:59:00;4:29;12.2;4:29;Correcto;302;
171;101;23/02/2022 6:31:00;10:35;20.5;10:35;Correcto;171;
516;101;23/02/2022 6:36:00;4:31;10.2;4:31;Correcto;516;
259;101;23/02/2022 6:46:00;9:32;12.3;9:32;Correcto;259;
224;101;23/02/2022 6:54:00;6:10;11.3;6:10;Correcto;224;
72;101;23/02/2022 6:59:00;4:32;9.9;4:32;Correcto;72;
249;101;23/02/2022 7:03:00;4:30;12.9;4:30;Correcto;249;
21;101;23/02/2022 7:13:00;6:20;14.9;6:20;Correcto;21;
227;101;23/02/2022 7:21:00;8:24;14.8;8:24;Correcto;227;
236;101;23/02/2022 7:31:00;6:35;13.6;6:35;Correcto;236;
195;101;23/02/2022 7:41:00;9:48;17.4;9:48;Correcto;195;
245;101;23/02/2022 7:47:00;6:02;9.3;6:02;Correcto;245;
240;101;23/02/2022 7:52:00;5:22;13.9;5:22;Correcto;240;
58;101;23/02/2022 7:58:00;5:35;13.3;5:35;Correcto;58;
185;101;23/02/2022 8:03:00;5:07;13.7;5:07;Correcto;185;
392;101;23/02/2022 8:10:00;6:43;14.3;6:43;Correcto;392;
168;101;23/02/2022 8:16:00;5:38;13.2;5:38;Correcto;168;
208;101;23/02/2022 8:23:00;6:39;11.7;6:39;Correcto;208;
404;101;23/02/2022 8:28:00;5:20;13.1;5:20;Correcto;404;
226;101;23/02/2022 8:34:00;5:21;11.6;5:21;Correcto;226;
220;101;23/02/2022 8:39:00;4:58;12.8;4:58;Correcto;220;
81;101;23/02/2022 9:03:00;6:54;7.4;6:54;Correcto;81;
473;101;23/02/2022 9:09:00;6:24;11.6;6:24;Correcto;473;
49;101;23/02/2022 9:20:00;10:46;22;10:46;Correcto;49;
218;101;23/02/2022 9:27:00;6:27;15.9;6:27;Correcto;218;
77;101;23/02/2022 9:33:00;6:19;11.2;6:19;Correcto;77;
163;101;23/02/2022 9:45:00;9:28;16.6;9:28;Correcto;163;
13;101;23/02/2022 9:52:00;6:05;8.3;6:05;Correcto;13;
146;101;23/02/2022 9:59:00;7:11;15.7;7:11;Correcto;146;
170;101;23/02/2022 10:08:00;9:05;14.4;9:05;Correcto;170;
53;101;23/02/2022 10:13:00;4:58;12.8;4:58;Correcto;53;
412;101;23/02/2022 10:19:00;6:00;12.8;6:00;Correcto;412;
153;101;23/02/2022 10:31:00;7:14;19.4;7:14;Correcto;153;
130;101;23/02/2022 10:39:00;7:29;13.8;7:29;Correcto;130;
246;101;23/02/2022 10:45:00;6:28;13.6;6:28;Correcto;246;
196;101;23/02/2022 10:52:00;6:16;15.8;6:16;Correcto;196;
212;101;23/02/2022 10:58:00;6:18;13.3;6:18;Correcto;212;
247;101;23/02/2022 11:07:00;9:00;16.4;9:00;Correcto;247;
31;101;23/02/2022 11:13:00;4:58;14.8;4:58;Correcto;31;
197;101;23/02/2022 11:18:00;5:13;10.9;5:13;Correcto;197;
59;101;23/02/2022 11:24:00;5:52;17.9;5:52;Correcto;59;
221;101;23/02/2022 11:30:00;5:57;11.5;5:57;Correcto;221;
167;101;23/02/2022 11:41:00;10:00;18.5;10:00;Correcto;167;
291;101;23/02/2022 11:48:00;7:14;14.2;7:14;Correcto;291;
532;101;23/02/2022 11:59:00;10:07;13.5;10:07;Correcto;532;
72;101;23/02/2022 12:03:00;4:21;11.7;4:21;Correcto;72;
84;101;23/02/2022 12:11:00;7:38;15.3;7:38;Correcto;84;
245;101;23/02/2022 12:18:00;6:29;9.5;6:29;Correcto;245;
117;101;23/02/2022 12:26:00;7:11;15.8;7:11;Correcto;117;
394;101;23/02/2022 12:35:00;8:09;13.5;8:09;Correcto;394;
224;101;23/02/2022 12:41:00;6:17;9.8;6:17;Correcto;224;
259;101;23/02/2022 12:49:00;7:41;12.1;7:41;Correcto;259;
138;101;23/02/2022 12:53:00;3:59;13.6;3:59;Correcto;138;
149;101;23/02/2022 13:00:00;6:52;13.3;6:52;Correcto;149;
134;101;23/02/2022 13:04:00;4:06;12.2;4:06;Correcto;134;
81;101;23/02/2022 13:11:00;6:54;8.4;6:54;Correcto;81;
236;101;23/02/2022 13:17:00;5:04;11.5;5:04;Correcto;236;
231;101;23/02/2022 13:24:00;7:12;15.5;7:12;Correcto;231;
150;101;23/02/2022 13:30:00;5:32;15.2;5:32;Correcto;150;
132;101;23/02/2022 13:36:00;5:48;13.6;5:48;Correcto;132;
228;101;23/02/2022 13:43:00;6:31;8.7;6:31;Correcto;228;
47;101;23/02/2022 13:49:00;5:09;17.8;5:09;Correcto;47;
220;101;23/02/2022 13:54:00;5:03;9.2;5:03;Correcto;220;
516;101;23/02/2022 13:58:00;4:13;12.7;4:13;Correcto;516;
76;101;23/02/2022 14:05:00;6:09;13.2;6:09;Correcto;76;
233;101;23/02/2022 14:12:00;7:20;16.3;7:20;Correcto;233;
198;101;23/02/2022 14:19:00;6:08;16.1;6:08;Correcto;198;
90;101;23/02/2022 14:25:00;6:41;21;6:41;Correcto;90;
227;101;23/02/2022 14:30:00;4:35;13.7;4:35;Correcto;227;
141;101;23/02/2022 14:43:00;10:43;14.5;10:43;Correcto;141;
171;101;23/02/2022 14:54:00;11:00;19.3;11:00;Correcto;171;
404;101;23/02/2022 14:59:00;5:08;9.7;5:08;Correcto;404;
226;101;23/02/2022 15:06:00;6:18;10.8;6:18;Correcto;226;
473;101;23/02/2022 15:12:00;6:03;12.9;6:03;Correcto;473;
392;101;23/02/2022 15:19:00;6:16;11.1;6:16;Correcto;392;
240;101;23/02/2022 15:24:00;5:05;14.7;5:05;Correcto;240;
130;101;23/02/2022 15:29:00;5:26;9;5:26;Correcto;130;
168;101;23/02/2022 15:35:00;5:33;12.4;5:33;Correcto;168;
208;101;23/02/2022 15:43:00;7:26;12;7:26;Correcto;208;
13;101;23/02/2022 15:51:00;8:02;9.3;8:02;Correcto;13;
412;101;23/02/2022 15:57:00;5:28;9.1;5:28;Correcto;412;
170;101;23/02/2022 16:09:00;7:29;12.3;7:29;Correcto;170;
249;101;23/02/2022 16:14:00;4:49;14.1;4:49;Correcto;249;
302;101;23/02/2022 16:20:00;5:15;12.2;5:15;Correcto;302;
53;101;23/02/2022 16:25:00;4:59;12.2;4:59;Correcto;53;
77;101;23/02/2022 16:33:00;7:41;9.8;7:41;Correcto;77;
21;101;23/02/2022 16:39:00;5:54;10.3;5:54;Correcto;21;
153;101;23/02/2022 16:44:00;5:21;13.3;5:21;Correcto;153;
59;101;23/02/2022 16:50:00;4:41;10.4;4:41;Correcto;59;
58;101;23/02/2022 16:56:00;5:25;14.7;5:25;Correcto;58;
31;101;23/02/2022 17:02:00;4:15;9.4;4:15;Correcto;31;
72;101;23/02/2022 17:06:00;3:54;10.6;3:54;Correcto;72;
175;101;23/02/2022 17:15:00;8:39;21.7;8:39;Correcto;175;
81;101;23/02/2022 17:22:00;6:36;9;6:36;Correcto;81;
212;101;23/02/2022 17:28:00;5:17;9.7;5:17;Correcto;212;
196;101;23/02/2022 17:35:00;6:45;8.9;6:45;Correcto;196;
167;101;23/02/2022 17:39:00;4:12;4.2;4:12;Tiempo muerto de orde�o TI;167;
532;101;23/02/2022 17:49:00;9:35;9.6;9:35;Correcto;532;
259;101;23/02/2022 17:57:00;7:05;10.1;7:05;Correcto;259;
246;101;23/02/2022 18:26:00;5:58;12.6;5:58;Correcto;246;
245;101;23/02/2022 18:32:00;6:08;12.2;6:08;Correcto;245;
49;101;23/02/2022 18:40:00;7:26;14.4;7:26;Correcto;49;
224;101;23/02/2022 18:46:00;6:22;10.6;6:22;Correcto;224;
146;101;23/02/2022 18:52:00;5:44;12.3;5:44;Correcto;146;
134;101;23/02/2022 18:56:00;3:59;9.2;3:59;Correcto;134;
185;101;23/02/2022 19:03:00;6:00;12.5;6:00;Correcto;185;
195;101;23/02/2022 19:11:00;7:48;18;7:48;Correcto;195;
138;101;23/02/2022 19:15:00;3:56;12.3;3:56;Correcto;138;
247;101;23/02/2022 19:23:00;8:02;14;8:02;Correcto;247;
220;101;23/02/2022 19:27:00;4:31;9.6;4:31;Correcto;220;
236;101;23/02/2022 19:33:00;5:28;12.3;5:28;Correcto;236;
47;101;23/02/2022 19:39:00;4:35;12.5;4:35;Correcto;47;
150;101;23/02/2022 19:44:00;4:36;9.2;4:36;Correcto;150;
218;101;23/02/2022 19:50:00;6:11;11.2;6:11;Correcto;218;
233;101;23/02/2022 19:55:00;5:05;9.6;5:05;Correcto;233;
163;101;23/02/2022 20:04:00;8:34;14.4;8:34;Correcto;163;
473;101;23/02/2022 20:10:00;5:31;10;5:31;Correcto;473;
240;101;23/02/2022 20:15:00;5:00;10.1;5:00;Correcto;240;
149;101;23/02/2022 20:22:00;6:37;10.5;6:37;Correcto;149;
516;101;23/02/2022 20:26:00;4:15;10.6;4:15;Correcto;516;
221;101;23/02/2022 20:34:00;7:46;13.5;7:46;Correcto;221;
130;101;23/02/2022 20:41:00;6:03;9.7;6:03;Correcto;130;
197;101;23/02/2022 20:51:00;8:12;15.9;8:12;Correcto;197;
76;101;23/02/2022 20:58:00;4:41;8.7;4:41;Correcto;76;
160;101;23/02/2022 21:04:00;5:41;14.2;5:41;Correcto;160;
132;101;23/02/2022 21:10:00;6:06;12.8;6:06;Correcto;132;
412;101;23/02/2022 21:15:00;4:42;8.7;4:42;Correcto;412;
170;101;23/02/2022 21:28:00;8:36;10.8;8:36;Correcto;170;
81;101;23/02/2022 21:35:00;7:01;6.9;7:01;Correcto;81;
291;101;23/02/2022 21:42:00;6:25;13.1;6:25;Correcto;291;
13;101;23/02/2022 21:50:00;7:38;8.5;7:38;Correcto;13;
228;101;23/02/2022 21:56:00;6:37;8.6;6:37;Correcto;228;
72;101;23/02/2022 22:01:00;4:08;10.3;4:08;Correcto;72;
394;101;23/02/2022 22:11:00;10:25;15.4;10:25;Correcto;394;
171;101;23/02/2022 22:22:00;10:27;16;10:27;Correcto;171;
226;101;23/02/2022 22:28:00;5:55;11.5;5:55;Correcto;226;
404;101;23/02/2022 22:33:00;5:35;10.9;5:35;Correcto;404;
227;101;23/02/2022 22:41:00;7:50;15.2;7:50;Correcto;227;
392;101;23/02/2022 22:48:00;6:57;12.4;6:57;Correcto;392;
59;101;23/02/2022 22:52:00;3:51;10.2;3:51;Correcto;59;
32;101;23/02/2022 22:58:00;5:13;18.4;5:13;Correcto;32;
259;101;23/02/2022 23:06:00;8:14;9.6;8:14;Correcto;259;
245;101;23/02/2022 23:13:00;6:59;8.1;6:59;Correcto;245;
53;101;23/02/2022 23:21:00;6:56;13;6:56;Correcto;53;
168;101;23/02/2022 23:27:00;5:17;12.5;5:17;Correcto;168;
167;101;23/02/2022 23:37:00;9:30;19.5;9:30;Correcto;167;
532;101;23/02/2022 23:45:00;8:26;10.6;8:26;Correcto;532;
141;101;23/02/2022 23:52:00;6:54;13.5;6:54;Correcto;141;
